"../../../Engine/Plugins/Animation/ACLPlugin/Content/ACLAnimCurveCompressionSettings.uasset" 0
"../../../Engine/Plugins/Animation/ACLPlugin/Content/ACLAnimCurveCompressionSettings.uexp" 1
"../../../Engine/Plugins/Animation/ACLPlugin/Content/ACLAnimBoneCompressionSettings.uasset" 2
"../../../Engine/Plugins/Animation/ACLPlugin/Content/ACLAnimBoneCompressionSettings.uexp" 3
"../../../Engine/Plugins/2D/Paper2D/Content/PlaceholderTextures/DummySpriteTexture.ubulk" 4
"../../../Engine/Plugins/2D/Paper2D/Content/PlaceholderTextures/DummySpriteTexture.uasset" 5
"../../../Engine/Plugins/2D/Paper2D/Content/PlaceholderTextures/DummySpriteTexture.uexp" 6
"../../../Engine/Plugins/2D/Paper2D/Content/DummySprite.uasset" 7
"../../../Engine/Plugins/2D/Paper2D/Content/DummySprite.uexp" 8
"../../../Engine/Plugins/2D/Paper2D/Content/DefaultPaperTerrainMaterial.uasset" 9
"../../../Engine/Plugins/2D/Paper2D/Content/DefaultPaperTerrainMaterial.uexp" 10
"../../../Engine/Content/Animation/DefaultVariableFrameStrippingSettings.uasset" 11
"../../../Engine/Content/Animation/DefaultVariableFrameStrippingSettings.uexp" 12
"../../../Engine/Content/Animation/DefaultRecorderBoneCompression.uasset" 13
"../../../Engine/Content/Animation/DefaultRecorderBoneCompression.uexp" 14
"../../../Engine/Plugins/Animation/ControlRig/Content/Controls/DefaultGizmoLibraryNormalized.uasset" 15
"../../../Engine/Plugins/Animation/ControlRig/Content/Controls/DefaultGizmoLibraryNormalized.uexp" 16
"../../../Engine/Content/EngineSounds/Master.uasset" 17
"../../../Engine/Content/EngineSounds/Master.uexp" 18
"../../../Engine/Content/EngineMaterials/DefaultPhysicalMaterial.uasset" 19
"../../../Engine/Content/EngineMaterials/DefaultPhysicalMaterial.uexp" 20
"../../../Engine/Content/EngineMaterials/DefaultDestructiblePhysicalMaterial.uasset" 21
"../../../Engine/Content/EngineMaterials/DefaultDestructiblePhysicalMaterial.uexp" 22
"../../../Engine/Content/EngineFonts/Faces/DroidSansFallback.uexp" 23
"../../../Engine/Content/EngineFonts/Faces/DroidSansFallback.uasset" 24
"../../../Engine/Content/EngineFonts/Faces/DroidSansFallback.ufont" 25
"../../../Engine/Content/EngineFonts/Faces/RobotoBold.uexp" 26
"../../../Engine/Content/EngineFonts/Faces/RobotoBold.uasset" 27
"../../../Engine/Content/EngineFonts/Faces/RobotoBold.ufont" 28
"../../../Engine/Content/EngineFonts/Faces/RobotoBoldItalic.uexp" 29
"../../../Engine/Content/EngineFonts/Faces/RobotoBoldItalic.uasset" 30
"../../../Engine/Content/EngineFonts/Faces/RobotoBoldItalic.ufont" 31
"../../../Engine/Content/EngineFonts/Faces/RobotoItalic.uexp" 32
"../../../Engine/Content/EngineFonts/Faces/RobotoItalic.uasset" 33
"../../../Engine/Content/EngineFonts/Faces/RobotoItalic.ufont" 34
"../../../Engine/Content/EngineFonts/Faces/RobotoLight.uexp" 35
"../../../Engine/Content/EngineFonts/Faces/RobotoLight.uasset" 36
"../../../Engine/Content/EngineFonts/Faces/RobotoLight.ufont" 37
"../../../Engine/Content/EngineFonts/Faces/RobotoRegular.uexp" 38
"../../../Engine/Content/EngineFonts/Faces/RobotoRegular.uasset" 39
"../../../Engine/Content/EngineFonts/Faces/RobotoRegular.ufont" 40
"../../../Engine/Content/EngineFonts/Roboto.uasset" 41
"../../../Engine/Content/EngineFonts/Roboto.uexp" 42
"../../../Engine/Content/EngineFonts/Faces/DroidSansMono.uexp" 43
"../../../Engine/Content/EngineFonts/Faces/DroidSansMono.uasset" 44
"../../../Engine/Content/EngineFonts/Faces/DroidSansMono.ufont" 45
"../../../Engine/Content/EngineFonts/DroidSansMono.uasset" 46
"../../../Engine/Content/EngineFonts/DroidSansMono.uexp" 47
"../../../Engine/Plugins/Interchange/Runtime/Content/Pipelines/DefaultTexturePipeline.uasset" 48
"../../../Engine/Plugins/Interchange/Runtime/Content/Pipelines/DefaultTexturePipeline.uexp" 49
"../../../Engine/Plugins/Interchange/Runtime/Content/Pipelines/DefaultSceneLevelPipeline.uasset" 50
"../../../Engine/Plugins/Interchange/Runtime/Content/Pipelines/DefaultSceneLevelPipeline.uexp" 51
"../../../Engine/Plugins/Interchange/Runtime/Content/Pipelines/DefaultSceneAssetsPipeline.uasset" 52
"../../../Engine/Plugins/Interchange/Runtime/Content/Pipelines/DefaultSceneAssetsPipeline.uexp" 53
"../../../Engine/Plugins/Interchange/Runtime/Content/Pipelines/DefaultMaterialXPipeline.uasset" 54
"../../../Engine/Plugins/Interchange/Runtime/Content/Pipelines/DefaultMaterialXPipeline.uexp" 55
"../../../Engine/Plugins/Interchange/Runtime/Content/Pipelines/DefaultMaterialPipeline.uasset" 56
"../../../Engine/Plugins/Interchange/Runtime/Content/Pipelines/DefaultMaterialPipeline.uexp" 57
"../../../Engine/Plugins/Interchange/Runtime/Content/Pipelines/DefaultGLTFSceneAssetsPipeline.uasset" 58
"../../../Engine/Plugins/Interchange/Runtime/Content/Pipelines/DefaultGLTFSceneAssetsPipeline.uexp" 59
"../../../Engine/Plugins/Interchange/Runtime/Content/Pipelines/DefaultGLTFPipeline.uasset" 60
"../../../Engine/Plugins/Interchange/Runtime/Content/Pipelines/DefaultGLTFPipeline.uexp" 61
"../../../Engine/Plugins/Interchange/Runtime/Content/Pipelines/DefaultGLTFAssetsPipeline.uasset" 62
"../../../Engine/Plugins/Interchange/Runtime/Content/Pipelines/DefaultGLTFAssetsPipeline.uexp" 63
"../../../Engine/Plugins/Interchange/Runtime/Content/Pipelines/DefaultAssetsPipeline.uasset" 64
"../../../Engine/Plugins/Interchange/Runtime/Content/Pipelines/DefaultAssetsPipeline.uexp" 65
"../../../Engine/Content/MobileResources/HUD/VirtualJoystick_Thumb.uasset" 66
"../../../Engine/Content/MobileResources/HUD/VirtualJoystick_Thumb.uexp" 67
"../../../Engine/Content/MobileResources/HUD/VirtualJoystick_Background.uasset" 68
"../../../Engine/Content/MobileResources/HUD/VirtualJoystick_Background.uexp" 69
"../../../Engine/Content/MobileResources/HUD/DefaultVirtualJoysticks.uasset" 70
"../../../Engine/Content/MobileResources/HUD/DefaultVirtualJoysticks.uexp" 71
"../../../Engine/Content/EngineResources/GradientTexture0.uasset" 72
"../../../Engine/Content/EngineResources/GradientTexture0.uexp" 73
"../../../Engine/Content/EngineResources/Black.uasset" 74
"../../../Engine/Content/EngineResources/Black.uexp" 75
"../../../Engine/Content/EditorResources/S_Actor.ubulk" 76
"../../../Engine/Content/EditorResources/S_Actor.uasset" 77
"../../../Engine/Content/EditorResources/S_Actor.uexp" 78
"../../../Engine/Content/EditorResources/S_Trigger.ubulk" 79
"../../../Engine/Content/EditorResources/S_Trigger.uasset" 80
"../../../Engine/Content/EditorResources/S_Trigger.uexp" 81
"../../../Engine/Content/EditorResources/S_BoxReflectionCapture.uasset" 82
"../../../Engine/Content/EditorResources/S_BoxReflectionCapture.uexp" 83
"../../../Engine/Content/EngineResources/DefaultTexture.ubulk" 84
"../../../Engine/Content/EngineResources/DefaultTexture.uasset" 85
"../../../Engine/Content/EngineResources/DefaultTexture.uexp" 86
"../../../Engine/Content/EditorResources/S_TriggerBox.uasset" 87
"../../../Engine/Content/EditorResources/S_TriggerBox.uexp" 88
"../../../Engine/Content/EditorResources/S_TriggerCapsule.uasset" 89
"../../../Engine/Content/EditorResources/S_TriggerCapsule.uexp" 90
"../../../Engine/Content/EditorResources/S_TriggerSphere.uasset" 91
"../../../Engine/Content/EditorResources/S_TriggerSphere.uexp" 92
"../../../Engine/Content/EngineMeshes/Sphere.ubulk" 93
"../../../Engine/Content/EngineMeshes/Sphere.uasset" 94
"../../../Engine/Content/EngineMeshes/Sphere.uexp" 95
"../../../Engine/Content/EngineResources/DefaultTextureCube.uasset" 96
"../../../Engine/Content/EngineResources/DefaultTextureCube.uexp" 97
"../../../Engine/Content/EngineResources/DefaultVolumeTexture2D.uasset" 98
"../../../Engine/Content/EngineResources/DefaultVolumeTexture2D.uexp" 99
"../../../Engine/Content/EngineResources/DefaultVolumeTexture.uasset" 100
"../../../Engine/Content/EngineResources/DefaultVolumeTexture.uexp" 101
"../../../Engine/Content/VREditor/TransformGizmo/Xray.uasset" 102
"../../../Engine/Content/VREditor/TransformGizmo/Xray.uexp" 103
"../../../Engine/Content/VREditor/TransformGizmo/Main.uasset" 104
"../../../Engine/Content/VREditor/TransformGizmo/Main.uexp" 105
"../../../Engine/Content/VREditor/TransformGizmo/SM_Sequencer_Node.ubulk" 106
"../../../Engine/Content/VREditor/TransformGizmo/SM_Sequencer_Node.uasset" 107
"../../../Engine/Content/VREditor/TransformGizmo/SM_Sequencer_Node.uexp" 108
"../../../Engine/Content/EditorResources/S_Solver.ubulk" 109
"../../../Engine/Content/EditorResources/S_Solver.uasset" 110
"../../../Engine/Content/EditorResources/S_Solver.uexp" 111
"../../../Engine/Content/EditorMaterials/Camera/CineMat.uasset" 112
"../../../Engine/Content/EditorMaterials/Camera/CineMat.uexp" 113
"../../../Engine/Content/EditorMaterials/Camera/MI_CineMat_Rig.uasset" 114
"../../../Engine/Content/EditorMaterials/Camera/MI_CineMat_Rig.uexp" 115
"../../../Engine/Content/EditorMeshes/Camera/SM_CraneRig_Base.ubulk" 116
"../../../Engine/Content/EditorMeshes/Camera/SM_CraneRig_Base.uasset" 117
"../../../Engine/Content/EditorMeshes/Camera/SM_CraneRig_Base.uexp" 118
"../../../Engine/Content/EditorMeshes/Camera/SM_CraneRig_Arm.ubulk" 119
"../../../Engine/Content/EditorMeshes/Camera/SM_CraneRig_Arm.uasset" 120
"../../../Engine/Content/EditorMeshes/Camera/SM_CraneRig_Arm.uexp" 121
"../../../Engine/Content/EditorMeshes/Camera/SM_CraneRig_Mount.ubulk" 122
"../../../Engine/Content/EditorMeshes/Camera/SM_CraneRig_Mount.uasset" 123
"../../../Engine/Content/EditorMeshes/Camera/SM_CraneRig_Mount.uexp" 124
"../../../Engine/Content/EditorMeshes/Camera/SM_CraneRig_Body.ubulk" 125
"../../../Engine/Content/EditorMeshes/Camera/SM_CraneRig_Body.uasset" 126
"../../../Engine/Content/EditorMeshes/Camera/SM_CraneRig_Body.uexp" 127
"../../../Engine/Content/EditorMeshes/Camera/SM_RailRig_Track.ubulk" 128
"../../../Engine/Content/EditorMeshes/Camera/SM_RailRig_Track.uasset" 129
"../../../Engine/Content/EditorMeshes/Camera/SM_RailRig_Track.uexp" 130
"../../../Engine/Content/EditorMeshes/Camera/SM_RailRig_Mount.ubulk" 131
"../../../Engine/Content/EditorMeshes/Camera/SM_RailRig_Mount.uasset" 132
"../../../Engine/Content/EditorMeshes/Camera/SM_RailRig_Mount.uexp" 133
"../../../Engine/Plugins/2D/Paper2D/Content/DefaultSpriteMaterial.uasset" 134
"../../../Engine/Plugins/2D/Paper2D/Content/DefaultSpriteMaterial.uexp" 135
"../../../Engine/Plugins/2D/Paper2D/Content/OpaqueUnlitSpriteMaterial.uasset" 136
"../../../Engine/Plugins/2D/Paper2D/Content/OpaqueUnlitSpriteMaterial.uexp" 137
"../../../Engine/Plugins/2D/Paper2D/Content/MaskedUnlitSpriteMaterial.uasset" 138
"../../../Engine/Plugins/2D/Paper2D/Content/MaskedUnlitSpriteMaterial.uexp" 139
"../../../Engine/Content/Functions/Engine_MaterialFunctions02/WorldPositionOffset/CameraOffset.uasset" 140
"../../../Engine/Content/Functions/Engine_MaterialFunctions02/WorldPositionOffset/CameraOffset.uexp" 141
"../../../Engine/Plugins/Animation/ControlRig/Content/M_Manip.uasset" 142
"../../../Engine/Plugins/Animation/ControlRig/Content/M_Manip.uexp" 143
"../../../Engine/Content/EngineMaterials/T_Default_Material_Grid_M.ubulk" 144
"../../../Engine/Content/EngineMaterials/T_Default_Material_Grid_M.uasset" 145
"../../../Engine/Content/EngineMaterials/T_Default_Material_Grid_M.uexp" 146
"../../../Engine/Content/Functions/Engine_MaterialFunctions01/Opacity/CameraDepthFade.uasset" 147
"../../../Engine/Content/Functions/Engine_MaterialFunctions01/Opacity/CameraDepthFade.uexp" 148
"../../../Engine/Content/EngineMaterials/T_Default_Material_Grid_N.ubulk" 149
"../../../Engine/Content/EngineMaterials/T_Default_Material_Grid_N.uasset" 150
"../../../Engine/Content/EngineMaterials/T_Default_Material_Grid_N.uexp" 151
"../../../Engine/Content/EngineMaterials/DefaultMaterial.uasset" 152
"../../../Engine/Content/EngineMaterials/DefaultMaterial.uexp" 153
"../../../Engine/Content/BasicShapes/Sphere.ubulk" 154
"../../../Engine/Content/BasicShapes/Sphere.uasset" 155
"../../../Engine/Content/BasicShapes/Sphere.uexp" 156
"../../../Engine/Content/EngineMaterials/WorldGridMaterial.uasset" 157
"../../../Engine/Content/EngineMaterials/WorldGridMaterial.uexp" 158
"../../../Engine/Content/BasicShapes/Plane.ubulk" 159
"../../../Engine/Content/BasicShapes/Plane.uasset" 160
"../../../Engine/Content/BasicShapes/Plane.uexp" 161
"../../../Engine/Content/BasicShapes/Cylinder.ubulk" 162
"../../../Engine/Content/BasicShapes/Cylinder.uasset" 163
"../../../Engine/Content/BasicShapes/Cylinder.uexp" 164
"../../../Engine/Content/BasicShapes/Cube.ubulk" 165
"../../../Engine/Content/BasicShapes/Cube.uasset" 166
"../../../Engine/Content/BasicShapes/Cube.uexp" 167
"../../../Engine/Content/BasicShapes/Cone.ubulk" 168
"../../../Engine/Content/BasicShapes/Cone.uasset" 169
"../../../Engine/Content/BasicShapes/Cone.uexp" 170
"../../../Engine/Content/BasicShapes/BasicShapeMaterial.uasset" 171
"../../../Engine/Content/BasicShapes/BasicShapeMaterial.uexp" 172
"../../../Engine/Content/EditorResources/S_Terrain.ubulk" 173
"../../../Engine/Content/EditorResources/S_Terrain.uasset" 174
"../../../Engine/Content/EditorResources/S_Terrain.uexp" 175
"../../../Engine/Content/EditorResources/BSPVertex.uasset" 176
"../../../Engine/Content/EditorResources/BSPVertex.uexp" 177
"../../../Engine/Content/EditorMaterials/PreviewShadowIndicator.ubulk" 178
"../../../Engine/Content/EditorMaterials/PreviewShadowIndicator.uasset" 179
"../../../Engine/Content/EditorMaterials/PreviewShadowIndicator.uexp" 180
"../../../Engine/Content/EditorMaterials/PreviewShadowIndicatorMaterial.uasset" 181
"../../../Engine/Content/EditorMaterials/PreviewShadowIndicatorMaterial.uexp" 182
"../../../Engine/Content/EditorLandscapeResources/SplineEditorMeshMat.uasset" 183
"../../../Engine/Content/EditorLandscapeResources/SplineEditorMeshMat.uexp" 184
"../../../Engine/Content/EditorLandscapeResources/SplineEditorMesh.ubulk" 185
"../../../Engine/Content/EditorLandscapeResources/SplineEditorMesh.uasset" 186
"../../../Engine/Content/EditorLandscapeResources/SplineEditorMesh.uexp" 187
"../../../Engine/Content/EditorLandscapeResources/WhiteSquareTexture.uasset" 188
"../../../Engine/Content/EditorLandscapeResources/WhiteSquareTexture.uexp" 189
"../../../Engine/Content/EditorLandscapeResources/DefaultAlphaTexture.uasset" 190
"../../../Engine/Content/EditorLandscapeResources/DefaultAlphaTexture.uexp" 191
"../../../Engine/Content/Functions/Engine_MaterialFunctions03/Math/WithinRangeFloat2.uasset" 192
"../../../Engine/Content/Functions/Engine_MaterialFunctions03/Math/WithinRangeFloat2.uexp" 193
"../../../Engine/Content/EditorLandscapeResources/SelectBrushMaterial.uasset" 194
"../../../Engine/Content/EditorLandscapeResources/SelectBrushMaterial.uexp" 195
"../../../Engine/Content/EditorLandscapeResources/SelectBrushMaterial_SelectedRegion.uasset" 196
"../../../Engine/Content/EditorLandscapeResources/SelectBrushMaterial_SelectedRegion.uexp" 197
"../../../Engine/Content/EditorLandscapeResources/SelectBrushMaterial_Selected.uasset" 198
"../../../Engine/Content/EditorLandscapeResources/SelectBrushMaterial_Selected.uexp" 199
"../../../Engine/Content/Functions/Engine_MaterialFunctions02/Utility/MakeFloat3.uasset" 200
"../../../Engine/Content/Functions/Engine_MaterialFunctions02/Utility/MakeFloat3.uexp" 201
"../../../Engine/Content/EditorLandscapeResources/MaskBrushMaterial.uasset" 202
"../../../Engine/Content/EditorLandscapeResources/MaskBrushMaterial.uexp" 203
"../../../Engine/Content/EditorLandscapeResources/MaskBrushMaterial_MaskedRegion.uasset" 204
"../../../Engine/Content/EditorLandscapeResources/MaskBrushMaterial_MaskedRegion.uexp" 205
"../../../Engine/Content/EditorLandscapeResources/LayerVisMaterial.uasset" 206
"../../../Engine/Content/EditorLandscapeResources/LayerVisMaterial.uexp" 207
"../../../Engine/Content/Functions/Engine_MaterialFunctions02/WorldPositionOffset/LocalPosition.uasset" 208
"../../../Engine/Content/Functions/Engine_MaterialFunctions02/WorldPositionOffset/LocalPosition.uexp" 209
"../../../Engine/Content/Functions/Engine_MaterialFunctions02/Utility/BreakOutFloat2Components.uasset" 210
"../../../Engine/Content/Functions/Engine_MaterialFunctions02/Utility/BreakOutFloat2Components.uexp" 211
"../../../Engine/Content/Functions/Engine_MaterialFunctions01/Texturing/ScaleUVsByCenter.uasset" 212
"../../../Engine/Content/Functions/Engine_MaterialFunctions01/Texturing/ScaleUVsByCenter.uexp" 213
"../../../Engine/Content/EngineMaterials/DefaultDiffuse.ubulk" 214
"../../../Engine/Content/EngineMaterials/DefaultDiffuse.uasset" 215
"../../../Engine/Content/EngineMaterials/DefaultDiffuse.uexp" 216
"../../../Engine/Content/Functions/Engine_MaterialFunctions01/Texturing/TextureCropping.uasset" 217
"../../../Engine/Content/Functions/Engine_MaterialFunctions01/Texturing/TextureCropping.uexp" 218
"../../../Engine/Content/Functions/Engine_MaterialFunctions02/ExampleContent/DebugNumberStrip.uasset" 219
"../../../Engine/Content/Functions/Engine_MaterialFunctions02/ExampleContent/DebugNumberStrip.uexp" 220
"../../../Engine/Content/Functions/Engine_MaterialFunctions01/Debug/DebugIntValues.uasset" 221
"../../../Engine/Content/Functions/Engine_MaterialFunctions01/Debug/DebugIntValues.uexp" 222
"../../../Engine/Content/EditorLandscapeResources/LandscapeLayerUsageMaterial.uasset" 223
"../../../Engine/Content/EditorLandscapeResources/LandscapeLayerUsageMaterial.uexp" 224
"../../../Engine/Content/EditorLandscapeResources/LandscapeDirtyMaterial.uasset" 225
"../../../Engine/Content/EditorLandscapeResources/LandscapeDirtyMaterial.uexp" 226
"../../../Engine/Content/EditorLandscapeResources/ColorMaskBrushMaterial.uasset" 227
"../../../Engine/Content/EditorLandscapeResources/ColorMaskBrushMaterial.uexp" 228
"../../../Engine/Content/EditorLandscapeResources/ColorMaskBrushMaterial_MaskedRegion.uasset" 229
"../../../Engine/Content/EditorLandscapeResources/ColorMaskBrushMaterial_MaskedRegion.uexp" 230
"../../../Engine/Plugins/Animation/ControlRig/Content/Controls/ControlRig_Wedge_solid.ubulk" 231
"../../../Engine/Plugins/Animation/ControlRig/Content/Controls/ControlRig_Wedge_solid.uasset" 232
"../../../Engine/Plugins/Animation/ControlRig/Content/Controls/ControlRig_Wedge_solid.uexp" 233
"../../../Engine/Plugins/Animation/ControlRig/Content/Controls/ControlRig_Wedge_3mm.ubulk" 234
"../../../Engine/Plugins/Animation/ControlRig/Content/Controls/ControlRig_Wedge_3mm.uasset" 235
"../../../Engine/Plugins/Animation/ControlRig/Content/Controls/ControlRig_Wedge_3mm.uexp" 236
"../../../Engine/Plugins/Animation/ControlRig/Content/Controls/ControlRig_Wedge_1mm.ubulk" 237
"../../../Engine/Plugins/Animation/ControlRig/Content/Controls/ControlRig_Wedge_1mm.uasset" 238
"../../../Engine/Plugins/Animation/ControlRig/Content/Controls/ControlRig_Wedge_1mm.uexp" 239
"../../../Engine/Plugins/Animation/ControlRig/Content/Controls/ControlRig_Triangle_solid.ubulk" 240
"../../../Engine/Plugins/Animation/ControlRig/Content/Controls/ControlRig_Triangle_solid.uasset" 241
"../../../Engine/Plugins/Animation/ControlRig/Content/Controls/ControlRig_Triangle_solid.uexp" 242
"../../../Engine/Plugins/Animation/ControlRig/Content/Controls/ControlRig_Triangle_3mm.ubulk" 243
"../../../Engine/Plugins/Animation/ControlRig/Content/Controls/ControlRig_Triangle_3mm.uasset" 244
"../../../Engine/Plugins/Animation/ControlRig/Content/Controls/ControlRig_Triangle_3mm.uexp" 245
"../../../Engine/Plugins/Animation/ControlRig/Content/Controls/ControlRig_Triangle_1mm.ubulk" 246
"../../../Engine/Plugins/Animation/ControlRig/Content/Controls/ControlRig_Triangle_1mm.uasset" 247
"../../../Engine/Plugins/Animation/ControlRig/Content/Controls/ControlRig_Triangle_1mm.uexp" 248
"../../../Engine/Plugins/Animation/ControlRig/Content/Controls/ControlRig_Star4_solid.ubulk" 249
"../../../Engine/Plugins/Animation/ControlRig/Content/Controls/ControlRig_Star4_solid.uasset" 250
"../../../Engine/Plugins/Animation/ControlRig/Content/Controls/ControlRig_Star4_solid.uexp" 251
"../../../Engine/Plugins/Animation/ControlRig/Content/Controls/ControlRig_Star4_3mm.ubulk" 252
"../../../Engine/Plugins/Animation/ControlRig/Content/Controls/ControlRig_Star4_3mm.uasset" 253
"../../../Engine/Plugins/Animation/ControlRig/Content/Controls/ControlRig_Star4_3mm.uexp" 254
"../../../Engine/Plugins/Animation/ControlRig/Content/Controls/ControlRig_Star4_1mm.ubulk" 255
"../../../Engine/Plugins/Animation/ControlRig/Content/Controls/ControlRig_Star4_1mm.uasset" 256
"../../../Engine/Plugins/Animation/ControlRig/Content/Controls/ControlRig_Star4_1mm.uexp" 257
"../../../Engine/Plugins/Animation/ControlRig/Content/Controls/ControlRig_Square_solid.ubulk" 258
"../../../Engine/Plugins/Animation/ControlRig/Content/Controls/ControlRig_Square_solid.uasset" 259
"../../../Engine/Plugins/Animation/ControlRig/Content/Controls/ControlRig_Square_solid.uexp" 260
"../../../Engine/Plugins/Animation/ControlRig/Content/Controls/ControlRig_Square_3mm.ubulk" 261
"../../../Engine/Plugins/Animation/ControlRig/Content/Controls/ControlRig_Square_3mm.uasset" 262
"../../../Engine/Plugins/Animation/ControlRig/Content/Controls/ControlRig_Square_3mm.uexp" 263
"../../../Engine/Plugins/Animation/ControlRig/Content/Controls/ControlRig_Square_1mm.ubulk" 264
"../../../Engine/Plugins/Animation/ControlRig/Content/Controls/ControlRig_Square_1mm.uasset" 265
"../../../Engine/Plugins/Animation/ControlRig/Content/Controls/ControlRig_Square_1mm.uexp" 266
"../../../Engine/Plugins/Animation/ControlRig/Content/Controls/ControlRig_Sphere_solid.ubulk" 267
"../../../Engine/Plugins/Animation/ControlRig/Content/Controls/ControlRig_Sphere_solid.uasset" 268
"../../../Engine/Plugins/Animation/ControlRig/Content/Controls/ControlRig_Sphere_solid.uexp" 269
"../../../Engine/Plugins/Animation/ControlRig/Content/Controls/ControlRig_Sphere_3mm.ubulk" 270
"../../../Engine/Plugins/Animation/ControlRig/Content/Controls/ControlRig_Sphere_3mm.uasset" 271
"../../../Engine/Plugins/Animation/ControlRig/Content/Controls/ControlRig_Sphere_3mm.uexp" 272
"../../../Engine/Plugins/Animation/ControlRig/Content/Controls/ControlRig_Sphere_1mm.ubulk" 273
"../../../Engine/Plugins/Animation/ControlRig/Content/Controls/ControlRig_Sphere_1mm.uasset" 274
"../../../Engine/Plugins/Animation/ControlRig/Content/Controls/ControlRig_Sphere_1mm.uexp" 275
"../../../Engine/Plugins/Animation/ControlRig/Content/Controls/ControlRig_RoundedTriangle_solid.ubulk" 276
"../../../Engine/Plugins/Animation/ControlRig/Content/Controls/ControlRig_RoundedTriangle_solid.uasset" 277
"../../../Engine/Plugins/Animation/ControlRig/Content/Controls/ControlRig_RoundedTriangle_solid.uexp" 278
"../../../Engine/Plugins/Animation/ControlRig/Content/Controls/ControlRig_RoundedTriangle_3mm.ubulk" 279
"../../../Engine/Plugins/Animation/ControlRig/Content/Controls/ControlRig_RoundedTriangle_3mm.uasset" 280
"../../../Engine/Plugins/Animation/ControlRig/Content/Controls/ControlRig_RoundedTriangle_3mm.uexp" 281
"../../../Engine/Plugins/Animation/ControlRig/Content/Controls/ControlRig_RoundedTriangle_1mm.ubulk" 282
"../../../Engine/Plugins/Animation/ControlRig/Content/Controls/ControlRig_RoundedTriangle_1mm.uasset" 283
"../../../Engine/Plugins/Animation/ControlRig/Content/Controls/ControlRig_RoundedTriangle_1mm.uexp" 284
"../../../Engine/Plugins/Animation/ControlRig/Content/Controls/ControlRig_RoundedSquare_solid.ubulk" 285
"../../../Engine/Plugins/Animation/ControlRig/Content/Controls/ControlRig_RoundedSquare_solid.uasset" 286
"../../../Engine/Plugins/Animation/ControlRig/Content/Controls/ControlRig_RoundedSquare_solid.uexp" 287
"../../../Engine/Plugins/Animation/ControlRig/Content/Controls/ControlRig_RoundedSquare_3mm.ubulk" 288
"../../../Engine/Plugins/Animation/ControlRig/Content/Controls/ControlRig_RoundedSquare_3mm.uasset" 289
"../../../Engine/Plugins/Animation/ControlRig/Content/Controls/ControlRig_RoundedSquare_3mm.uexp" 290
"../../../Engine/Plugins/Animation/ControlRig/Content/Controls/ControlRig_RoundedSquare_1mm.ubulk" 291
"../../../Engine/Plugins/Animation/ControlRig/Content/Controls/ControlRig_RoundedSquare_1mm.uasset" 292
"../../../Engine/Plugins/Animation/ControlRig/Content/Controls/ControlRig_RoundedSquare_1mm.uexp" 293
"../../../Engine/Plugins/Animation/ControlRig/Content/Controls/ControlRig_QuarterCircle_solid.ubulk" 294
"../../../Engine/Plugins/Animation/ControlRig/Content/Controls/ControlRig_QuarterCircle_solid.uasset" 295
"../../../Engine/Plugins/Animation/ControlRig/Content/Controls/ControlRig_QuarterCircle_solid.uexp" 296
"../../../Engine/Plugins/Animation/ControlRig/Content/Controls/ControlRig_QuarterCircle_3mm.ubulk" 297
"../../../Engine/Plugins/Animation/ControlRig/Content/Controls/ControlRig_QuarterCircle_3mm.uasset" 298
"../../../Engine/Plugins/Animation/ControlRig/Content/Controls/ControlRig_QuarterCircle_3mm.uexp" 299
"../../../Engine/Plugins/Animation/ControlRig/Content/Controls/ControlRig_QuarterCircle_1mm.ubulk" 300
"../../../Engine/Plugins/Animation/ControlRig/Content/Controls/ControlRig_QuarterCircle_1mm.uasset" 301
"../../../Engine/Plugins/Animation/ControlRig/Content/Controls/ControlRig_QuarterCircle_1mm.uexp" 302
"../../../Engine/Plugins/Animation/ControlRig/Content/Controls/ControlRig_Pyramid_solid.ubulk" 303
"../../../Engine/Plugins/Animation/ControlRig/Content/Controls/ControlRig_Pyramid_solid.uasset" 304
"../../../Engine/Plugins/Animation/ControlRig/Content/Controls/ControlRig_Pyramid_solid.uexp" 305
"../../../Engine/Plugins/Animation/ControlRig/Content/Controls/ControlRig_Pyramid_3mm.ubulk" 306
"../../../Engine/Plugins/Animation/ControlRig/Content/Controls/ControlRig_Pyramid_3mm.uasset" 307
"../../../Engine/Plugins/Animation/ControlRig/Content/Controls/ControlRig_Pyramid_3mm.uexp" 308
"../../../Engine/Plugins/Animation/ControlRig/Content/Controls/ControlRig_Pyramid_1mm.ubulk" 309
"../../../Engine/Plugins/Animation/ControlRig/Content/Controls/ControlRig_Pyramid_1mm.uasset" 310
"../../../Engine/Plugins/Animation/ControlRig/Content/Controls/ControlRig_Pyramid_1mm.uexp" 311
"../../../Engine/Plugins/Animation/ControlRig/Content/Controls/ControlRig_Octagon_solid.ubulk" 312
"../../../Engine/Plugins/Animation/ControlRig/Content/Controls/ControlRig_Octagon_solid.uasset" 313
"../../../Engine/Plugins/Animation/ControlRig/Content/Controls/ControlRig_Octagon_solid.uexp" 314
"../../../Engine/Plugins/Animation/ControlRig/Content/Controls/ControlRig_Octagon_3mm.ubulk" 315
"../../../Engine/Plugins/Animation/ControlRig/Content/Controls/ControlRig_Octagon_3mm.uasset" 316
"../../../Engine/Plugins/Animation/ControlRig/Content/Controls/ControlRig_Octagon_3mm.uexp" 317
"../../../Engine/Plugins/Animation/ControlRig/Content/Controls/ControlRig_Octagon_1mm.ubulk" 318
"../../../Engine/Plugins/Animation/ControlRig/Content/Controls/ControlRig_Octagon_1mm.uasset" 319
"../../../Engine/Plugins/Animation/ControlRig/Content/Controls/ControlRig_Octagon_1mm.uexp" 320
"../../../Engine/Plugins/Animation/ControlRig/Content/Controls/ControlRig_Hexagon_solid.ubulk" 321
"../../../Engine/Plugins/Animation/ControlRig/Content/Controls/ControlRig_Hexagon_solid.uasset" 322
"../../../Engine/Plugins/Animation/ControlRig/Content/Controls/ControlRig_Hexagon_solid.uexp" 323
"../../../Engine/Plugins/Animation/ControlRig/Content/Controls/ControlRig_Hexagon_3mm.ubulk" 324
"../../../Engine/Plugins/Animation/ControlRig/Content/Controls/ControlRig_Hexagon_3mm.uasset" 325
"../../../Engine/Plugins/Animation/ControlRig/Content/Controls/ControlRig_Hexagon_3mm.uexp" 326
"../../../Engine/Plugins/Animation/ControlRig/Content/Controls/ControlRig_Hexagon_1mm.ubulk" 327
"../../../Engine/Plugins/Animation/ControlRig/Content/Controls/ControlRig_Hexagon_1mm.uasset" 328
"../../../Engine/Plugins/Animation/ControlRig/Content/Controls/ControlRig_Hexagon_1mm.uexp" 329
"../../../Engine/Plugins/Animation/ControlRig/Content/Controls/ControlRig_HalfCircle_solid.ubulk" 330
"../../../Engine/Plugins/Animation/ControlRig/Content/Controls/ControlRig_HalfCircle_solid.uasset" 331
"../../../Engine/Plugins/Animation/ControlRig/Content/Controls/ControlRig_HalfCircle_solid.uexp" 332
"../../../Engine/Plugins/Animation/ControlRig/Content/Controls/ControlRig_HalfCircle_3mm.ubulk" 333
"../../../Engine/Plugins/Animation/ControlRig/Content/Controls/ControlRig_HalfCircle_3mm.uasset" 334
"../../../Engine/Plugins/Animation/ControlRig/Content/Controls/ControlRig_HalfCircle_3mm.uexp" 335
"../../../Engine/Plugins/Animation/ControlRig/Content/Controls/ControlRig_HalfCircle_1mm.ubulk" 336
"../../../Engine/Plugins/Animation/ControlRig/Content/Controls/ControlRig_HalfCircle_1mm.uasset" 337
"../../../Engine/Plugins/Animation/ControlRig/Content/Controls/ControlRig_HalfCircle_1mm.uexp" 338
"../../../Engine/Plugins/Animation/ControlRig/Content/Controls/ControlRig_Diamond_solid.ubulk" 339
"../../../Engine/Plugins/Animation/ControlRig/Content/Controls/ControlRig_Diamond_solid.uasset" 340
"../../../Engine/Plugins/Animation/ControlRig/Content/Controls/ControlRig_Diamond_solid.uexp" 341
"../../../Engine/Plugins/Animation/ControlRig/Content/Controls/ControlRig_Diamond_3mm.ubulk" 342
"../../../Engine/Plugins/Animation/ControlRig/Content/Controls/ControlRig_Diamond_3mm.uasset" 343
"../../../Engine/Plugins/Animation/ControlRig/Content/Controls/ControlRig_Diamond_3mm.uexp" 344
"../../../Engine/Plugins/Animation/ControlRig/Content/Controls/ControlRig_Diamond_1mm.ubulk" 345
"../../../Engine/Plugins/Animation/ControlRig/Content/Controls/ControlRig_Diamond_1mm.uasset" 346
"../../../Engine/Plugins/Animation/ControlRig/Content/Controls/ControlRig_Diamond_1mm.uexp" 347
"../../../Engine/Plugins/Animation/ControlRig/Content/Controls/ControlRig_Circle_solid.ubulk" 348
"../../../Engine/Plugins/Animation/ControlRig/Content/Controls/ControlRig_Circle_solid.uasset" 349
"../../../Engine/Plugins/Animation/ControlRig/Content/Controls/ControlRig_Circle_solid.uexp" 350
"../../../Engine/Plugins/Animation/ControlRig/Content/Controls/ControlRig_Circle_3mm.ubulk" 351
"../../../Engine/Plugins/Animation/ControlRig/Content/Controls/ControlRig_Circle_3mm.uasset" 352
"../../../Engine/Plugins/Animation/ControlRig/Content/Controls/ControlRig_Circle_3mm.uexp" 353
"../../../Engine/Plugins/Animation/ControlRig/Content/Controls/ControlRig_Circle_1mm.ubulk" 354
"../../../Engine/Plugins/Animation/ControlRig/Content/Controls/ControlRig_Circle_1mm.uasset" 355
"../../../Engine/Plugins/Animation/ControlRig/Content/Controls/ControlRig_Circle_1mm.uexp" 356
"../../../Engine/Plugins/Animation/ControlRig/Content/Controls/ControlRig_Box_solid.ubulk" 357
"../../../Engine/Plugins/Animation/ControlRig/Content/Controls/ControlRig_Box_solid.uasset" 358
"../../../Engine/Plugins/Animation/ControlRig/Content/Controls/ControlRig_Box_solid.uexp" 359
"../../../Engine/Plugins/Animation/ControlRig/Content/Controls/ControlRig_Box_3mm.ubulk" 360
"../../../Engine/Plugins/Animation/ControlRig/Content/Controls/ControlRig_Box_3mm.uasset" 361
"../../../Engine/Plugins/Animation/ControlRig/Content/Controls/ControlRig_Box_3mm.uexp" 362
"../../../Engine/Plugins/Animation/ControlRig/Content/Controls/ControlRig_Box_1mm.ubulk" 363
"../../../Engine/Plugins/Animation/ControlRig/Content/Controls/ControlRig_Box_1mm.uasset" 364
"../../../Engine/Plugins/Animation/ControlRig/Content/Controls/ControlRig_Box_1mm.uexp" 365
"../../../Engine/Plugins/Animation/ControlRig/Content/Controls/ControlRig_Arrow_solid.ubulk" 366
"../../../Engine/Plugins/Animation/ControlRig/Content/Controls/ControlRig_Arrow_solid.uasset" 367
"../../../Engine/Plugins/Animation/ControlRig/Content/Controls/ControlRig_Arrow_solid.uexp" 368
"../../../Engine/Plugins/Animation/ControlRig/Content/Controls/ControlRig_Arrow_3mm.ubulk" 369
"../../../Engine/Plugins/Animation/ControlRig/Content/Controls/ControlRig_Arrow_3mm.uasset" 370
"../../../Engine/Plugins/Animation/ControlRig/Content/Controls/ControlRig_Arrow_3mm.uexp" 371
"../../../Engine/Plugins/Animation/ControlRig/Content/Controls/ControlRig_Arrow_1mm.ubulk" 372
"../../../Engine/Plugins/Animation/ControlRig/Content/Controls/ControlRig_Arrow_1mm.uasset" 373
"../../../Engine/Plugins/Animation/ControlRig/Content/Controls/ControlRig_Arrow_1mm.uexp" 374
"../../../Engine/Plugins/Animation/ControlRig/Content/Controls/ControlRig_Arrow4_solid.ubulk" 375
"../../../Engine/Plugins/Animation/ControlRig/Content/Controls/ControlRig_Arrow4_solid.uasset" 376
"../../../Engine/Plugins/Animation/ControlRig/Content/Controls/ControlRig_Arrow4_solid.uexp" 377
"../../../Engine/Plugins/Animation/ControlRig/Content/Controls/ControlRig_Arrow4_3mm.ubulk" 378
"../../../Engine/Plugins/Animation/ControlRig/Content/Controls/ControlRig_Arrow4_3mm.uasset" 379
"../../../Engine/Plugins/Animation/ControlRig/Content/Controls/ControlRig_Arrow4_3mm.uexp" 380
"../../../Engine/Plugins/Animation/ControlRig/Content/Controls/ControlRig_Arrow4_1mm.ubulk" 381
"../../../Engine/Plugins/Animation/ControlRig/Content/Controls/ControlRig_Arrow4_1mm.uasset" 382
"../../../Engine/Plugins/Animation/ControlRig/Content/Controls/ControlRig_Arrow4_1mm.uexp" 383
"../../../Engine/Plugins/Animation/ControlRig/Content/Controls/ControlRig_Arrow2_solid.ubulk" 384
"../../../Engine/Plugins/Animation/ControlRig/Content/Controls/ControlRig_Arrow2_solid.uasset" 385
"../../../Engine/Plugins/Animation/ControlRig/Content/Controls/ControlRig_Arrow2_solid.uexp" 386
"../../../Engine/Plugins/Animation/ControlRig/Content/Controls/ControlRig_Arrow2_3mm.ubulk" 387
"../../../Engine/Plugins/Animation/ControlRig/Content/Controls/ControlRig_Arrow2_3mm.uasset" 388
"../../../Engine/Plugins/Animation/ControlRig/Content/Controls/ControlRig_Arrow2_3mm.uexp" 389
"../../../Engine/Plugins/Animation/ControlRig/Content/Controls/ControlRig_Arrow2_1mm.ubulk" 390
"../../../Engine/Plugins/Animation/ControlRig/Content/Controls/ControlRig_Arrow2_1mm.uasset" 391
"../../../Engine/Plugins/Animation/ControlRig/Content/Controls/ControlRig_Arrow2_1mm.uexp" 392
"../../../Engine/Plugins/Animation/ControlRig/Content/Controls/ControlRigXRayMaterial.uasset" 393
"../../../Engine/Plugins/Animation/ControlRig/Content/Controls/ControlRigXRayMaterial.uexp" 394
"../../../Engine/Plugins/Animation/ControlRig/Content/Controls/ControlRigGizmoMaterial.uasset" 395
"../../../Engine/Plugins/Animation/ControlRig/Content/Controls/ControlRigGizmoMaterial.uexp" 396
"../../../Engine/Content/VREditor/Sounds/UI/Drop_Item_From_ContentBrowser.ubulk" 397
"../../../Engine/Content/VREditor/Sounds/UI/Drop_Item_From_ContentBrowser.uasset" 398
"../../../Engine/Content/VREditor/Sounds/UI/Drop_Item_From_ContentBrowser.uexp" 399
"../../../Engine/Content/VREditor/LaserPointer/VR_LaserPower_01.ubulk" 400
"../../../Engine/Content/VREditor/LaserPointer/VR_LaserPower_01.uasset" 401
"../../../Engine/Content/VREditor/LaserPointer/VR_LaserPower_01.uexp" 402
"../../../Engine/Content/VREditor/TransformGizmo/TransformGizmoMaterial.uasset" 403
"../../../Engine/Content/VREditor/TransformGizmo/TransformGizmoMaterial.uexp" 404
"../../../Engine/Content/VREditor/TransformGizmo/TransformGizmoMaterial_Inst.uasset" 405
"../../../Engine/Content/VREditor/TransformGizmo/TransformGizmoMaterial_Inst.uexp" 406
"../../../Engine/Content/VREditor/TransformGizmo/TranslucentTransformGizmoMaterial.uasset" 407
"../../../Engine/Content/VREditor/TransformGizmo/TranslucentTransformGizmoMaterial.uexp" 408
"../../../Engine/Content/VREditor/TransformGizmo/TranslucentTransformGizmoMaterial_Inst.uasset" 409
"../../../Engine/Content/VREditor/TransformGizmo/TranslucentTransformGizmoMaterial_Inst.uexp" 410
"../../../Engine/Content/VREditor/TransformGizmo/UniformScaleHandle.ubulk" 411
"../../../Engine/Content/VREditor/TransformGizmo/UniformScaleHandle.uasset" 412
"../../../Engine/Content/VREditor/TransformGizmo/UniformScaleHandle.uexp" 413
"../../../Engine/Content/VREditor/TransformGizmo/TranslateArrowHandle.ubulk" 414
"../../../Engine/Content/VREditor/TransformGizmo/TranslateArrowHandle.uasset" 415
"../../../Engine/Content/VREditor/TransformGizmo/TranslateArrowHandle.uexp" 416
"../../../Engine/Content/VREditor/TransformGizmo/TransformGizmoFreeRotation.ubulk" 417
"../../../Engine/Content/VREditor/TransformGizmo/TransformGizmoFreeRotation.uasset" 418
"../../../Engine/Content/VREditor/TransformGizmo/TransformGizmoFreeRotation.uexp" 419
"../../../Engine/Content/VREditor/TransformGizmo/StartRotationHandleIndicator.ubulk" 420
"../../../Engine/Content/VREditor/TransformGizmo/StartRotationHandleIndicator.uasset" 421
"../../../Engine/Content/VREditor/TransformGizmo/StartRotationHandleIndicator.uexp" 422
"../../../Engine/Content/Functions/Engine_MaterialFunctions02/Utility/BreakOutFloat3Components.uasset" 423
"../../../Engine/Content/Functions/Engine_MaterialFunctions02/Utility/BreakOutFloat3Components.uexp" 424
"../../../Engine/Content/Functions/Engine_MaterialFunctions02/Math/Transform3x3Matrix.uasset" 425
"../../../Engine/Content/Functions/Engine_MaterialFunctions02/Math/Transform3x3Matrix.uexp" 426
"../../../Engine/Content/Functions/Engine_MaterialFunctions02/SplitComponents.uasset" 427
"../../../Engine/Content/Functions/Engine_MaterialFunctions02/SplitComponents.uexp" 428
"../../../Engine/Content/VREditor/SnapGrid/SnapGridMaterial.uasset" 429
"../../../Engine/Content/VREditor/SnapGrid/SnapGridMaterial.uexp" 430
"../../../Engine/Content/VREditor/SnapGrid/SnapGridPlaneMesh.ubulk" 431
"../../../Engine/Content/VREditor/SnapGrid/SnapGridPlaneMesh.uasset" 432
"../../../Engine/Content/VREditor/SnapGrid/SnapGridPlaneMesh.uexp" 433
"../../../Engine/Content/VREditor/Sounds/UI/Gizmo_Handle_Clicked.ubulk" 434
"../../../Engine/Content/VREditor/Sounds/UI/Gizmo_Handle_Clicked.uasset" 435
"../../../Engine/Content/VREditor/Sounds/UI/Gizmo_Handle_Clicked.uexp" 436
"../../../Engine/Content/VREditor/Sounds/UI/Object_PickUp.ubulk" 437
"../../../Engine/Content/VREditor/Sounds/UI/Object_PickUp.uasset" 438
"../../../Engine/Content/VREditor/Sounds/UI/Object_PickUp.uexp" 439
"../../../Engine/Content/VREditor/Sounds/UI/Object_Snaps_To_Another_Actor.ubulk" 440
"../../../Engine/Content/VREditor/Sounds/UI/Object_Snaps_To_Another_Actor.uasset" 441
"../../../Engine/Content/VREditor/Sounds/UI/Object_Snaps_To_Another_Actor.uexp" 442
"../../../Engine/Content/VREditor/Sounds/UI/Object_Snaps_To_Grid.ubulk" 443
"../../../Engine/Content/VREditor/Sounds/UI/Object_Snaps_To_Grid.uasset" 444
"../../../Engine/Content/VREditor/Sounds/UI/Object_Snaps_To_Grid.uexp" 445
"../../../Engine/Content/VREditor/Sounds/UI/Scaling_Down.ubulk" 446
"../../../Engine/Content/VREditor/Sounds/UI/Scaling_Down.uasset" 447
"../../../Engine/Content/VREditor/Sounds/UI/Scaling_Down.uexp" 448
"../../../Engine/Content/VREditor/Sounds/UI/Scaling_Up.ubulk" 449
"../../../Engine/Content/VREditor/Sounds/UI/Scaling_Up.uasset" 450
"../../../Engine/Content/VREditor/Sounds/UI/Scaling_Up.uexp" 451
"../../../Engine/Content/VREditor/Sounds/UI/Selection_Changes.ubulk" 452
"../../../Engine/Content/VREditor/Sounds/UI/Selection_Changes.uasset" 453
"../../../Engine/Content/VREditor/Sounds/UI/Selection_Changes.uexp" 454
"../../../Engine/Content/VREditor/TransformGizmo/PlaneTranslationHandle.ubulk" 455
"../../../Engine/Content/VREditor/TransformGizmo/PlaneTranslationHandle.uasset" 456
"../../../Engine/Content/VREditor/TransformGizmo/PlaneTranslationHandle.uexp" 457
"../../../Engine/Content/VREditor/TransformGizmo/RotationHandleFull.ubulk" 458
"../../../Engine/Content/VREditor/TransformGizmo/RotationHandleFull.uasset" 459
"../../../Engine/Content/VREditor/TransformGizmo/RotationHandleFull.uexp" 460
"../../../Engine/Content/VREditor/TransformGizmo/RotationHandleIndicator.ubulk" 461
"../../../Engine/Content/VREditor/TransformGizmo/RotationHandleIndicator.uasset" 462
"../../../Engine/Content/VREditor/TransformGizmo/RotationHandleIndicator.uexp" 463
"../../../Engine/Content/VREditor/TransformGizmo/RotationHandleQuarter.ubulk" 464
"../../../Engine/Content/VREditor/TransformGizmo/RotationHandleQuarter.uasset" 465
"../../../Engine/Content/VREditor/TransformGizmo/RotationHandleQuarter.uexp" 466
"../../../Engine/Content/EngineResources/LandscapeVisibilityLayerInfo.uasset" 467
"../../../Engine/Content/EngineResources/LandscapeVisibilityLayerInfo.uexp" 468
"../../../Engine/Content/EngineResources/WhiteSquareTexture.uasset" 469
"../../../Engine/Content/EngineResources/WhiteSquareTexture.uexp" 470
"../../../Engine/Content/EngineMaterials/Widget3DPassThrough.uasset" 471
"../../../Engine/Content/EngineMaterials/Widget3DPassThrough.uexp" 472
"../../../Engine/Content/EngineMaterials/Widget3DPassThrough_Translucent.uasset" 473
"../../../Engine/Content/EngineMaterials/Widget3DPassThrough_Translucent.uexp" 474
"../../../Engine/Content/EngineMaterials/Widget3DPassThrough_Translucent_OneSided.uasset" 475
"../../../Engine/Content/EngineMaterials/Widget3DPassThrough_Translucent_OneSided.uexp" 476
"../../../Engine/Content/EngineMaterials/Widget3DPassThrough_Opaque.uasset" 477
"../../../Engine/Content/EngineMaterials/Widget3DPassThrough_Opaque.uexp" 478
"../../../Engine/Content/EngineMaterials/Widget3DPassThrough_Opaque_OneSided.uasset" 479
"../../../Engine/Content/EngineMaterials/Widget3DPassThrough_Opaque_OneSided.uexp" 480
"../../../Engine/Content/EngineMaterials/Widget3DPassThrough_Masked_OneSided.uasset" 481
"../../../Engine/Content/EngineMaterials/Widget3DPassThrough_Masked_OneSided.uexp" 482
"../../../Engine/Content/EngineMaterials/Widget3DPassThrough_Masked.uasset" 483
"../../../Engine/Content/EngineMaterials/Widget3DPassThrough_Masked.uexp" 484
"../../../Engine/Content/EngineMaterials/WeightMapPlaceholderTexture.uasset" 485
"../../../Engine/Content/EngineMaterials/WeightMapPlaceholderTexture.uexp" 486
"../../../Engine/Content/EngineMaterials/WeightMapArrayPlaceholderTexture.uasset" 487
"../../../Engine/Content/EngineMaterials/WeightMapArrayPlaceholderTexture.uexp" 488
"../../../Engine/Content/EngineMaterials/RemoveSurfaceMaterial.uasset" 489
"../../../Engine/Content/EngineMaterials/RemoveSurfaceMaterial.uexp" 490
"../../../Engine/Content/EngineMaterials/PreintegratedSkinBRDF.uasset" 491
"../../../Engine/Content/EngineMaterials/PreintegratedSkinBRDF.uexp" 492
"../../../Engine/Content/EngineMaterials/DefaultCalibrationGrayscale.uasset" 493
"../../../Engine/Content/EngineMaterials/DefaultCalibrationGrayscale.uexp" 494
"../../../Engine/Content/EngineMaterials/PPM_DefaultCalibrationGrayscale.uasset" 495
"../../../Engine/Content/EngineMaterials/PPM_DefaultCalibrationGrayscale.uexp" 496
"../../../Engine/Content/EngineMaterials/DefaultCalibrationColor.uasset" 497
"../../../Engine/Content/EngineMaterials/DefaultCalibrationColor.uexp" 498
"../../../Engine/Content/EngineMaterials/PPM_DefaultCalibrationColor.uasset" 499
"../../../Engine/Content/EngineMaterials/PPM_DefaultCalibrationColor.uexp" 500
"../../../Engine/Content/EngineMaterials/PhAT_JointLimitMaterial.uasset" 501
"../../../Engine/Content/EngineMaterials/PhAT_JointLimitMaterial.uexp" 502
"../../../Engine/Content/EngineMaterials/NaniteHiddenSectionMaterial.uasset" 503
"../../../Engine/Content/EngineMaterials/NaniteHiddenSectionMaterial.uexp" 504
"../../../Engine/Content/EngineMaterials/InvalidLightmapSettings.ubulk" 505
"../../../Engine/Content/EngineMaterials/InvalidLightmapSettings.uasset" 506
"../../../Engine/Content/EngineMaterials/InvalidLightmapSettings.uexp" 507
"../../../Engine/Content/EngineMaterials/M_InvalidLightmapSettings.uasset" 508
"../../../Engine/Content/EngineMaterials/M_InvalidLightmapSettings.uexp" 509
"../../../Engine/Content/EngineMaterials/MiniFont.uasset" 510
"../../../Engine/Content/EngineMaterials/MiniFont.uexp" 511
"../../../Engine/Content/EngineMaterials/GizmoMaterial.uasset" 512
"../../../Engine/Content/EngineMaterials/GizmoMaterial.uexp" 513
"../../../Engine/Content/EngineMaterials/BaseFlattenDiffuseMap_VT.uasset" 514
"../../../Engine/Content/EngineMaterials/BaseFlattenDiffuseMap_VT.uexp" 515
"../../../Engine/Content/EngineMaterials/BaseFlattenEmissiveMap_VT.uasset" 516
"../../../Engine/Content/EngineMaterials/BaseFlattenEmissiveMap_VT.uexp" 517
"../../../Engine/Content/EngineMaterials/BaseFlattenGrayscaleMap_VT.uasset" 518
"../../../Engine/Content/EngineMaterials/BaseFlattenGrayscaleMap_VT.uexp" 519
"../../../Engine/Content/EngineMaterials/BaseFlattenLinearColor_VT.uasset" 520
"../../../Engine/Content/EngineMaterials/BaseFlattenLinearColor_VT.uexp" 521
"../../../Engine/Content/EngineMaterials/BaseFlattenNormalMap_VT.uasset" 522
"../../../Engine/Content/EngineMaterials/BaseFlattenNormalMap_VT.uexp" 523
"../../../Engine/Content/EngineMaterials/Black_1x1_EXR_Texture_VT.uasset" 524
"../../../Engine/Content/EngineMaterials/Black_1x1_EXR_Texture_VT.uexp" 525
"../../../Engine/Content/EngineMaterials/FlattenMaterial_WS_Normal_VT.uasset" 526
"../../../Engine/Content/EngineMaterials/FlattenMaterial_WS_Normal_VT.uexp" 527
"../../../Engine/Content/EngineMaterials/FlattenMaterial_VT.uasset" 528
"../../../Engine/Content/EngineMaterials/FlattenMaterial_VT.uexp" 529
"../../../Engine/Content/EngineMaterials/BaseFlattenNormalMap.uasset" 530
"../../../Engine/Content/EngineMaterials/BaseFlattenNormalMap.uexp" 531
"../../../Engine/Content/EngineMaterials/BaseFlattenDiffuseMap.uasset" 532
"../../../Engine/Content/EngineMaterials/BaseFlattenDiffuseMap.uexp" 533
"../../../Engine/Content/EngineMaterials/BaseFlattenEmissiveMap.uasset" 534
"../../../Engine/Content/EngineMaterials/BaseFlattenEmissiveMap.uexp" 535
"../../../Engine/Content/EngineMaterials/BaseFlattenGrayscaleMap.uasset" 536
"../../../Engine/Content/EngineMaterials/BaseFlattenGrayscaleMap.uexp" 537
"../../../Engine/Content/EngineMaterials/BaseFlattenLinearColor.uasset" 538
"../../../Engine/Content/EngineMaterials/BaseFlattenLinearColor.uexp" 539
"../../../Engine/Content/Functions/Engine_MaterialFunctions02/PivotPainter2/Black_1x1_EXR_Texture.uasset" 540
"../../../Engine/Content/Functions/Engine_MaterialFunctions02/PivotPainter2/Black_1x1_EXR_Texture.uexp" 541
"../../../Engine/Content/EngineMaterials/FlattenMaterial.uasset" 542
"../../../Engine/Content/EngineMaterials/FlattenMaterial.uexp" 543
"../../../Engine/Content/EngineMaterials/FastBlueNoise_vec2_128x128x64.uasset" 544
"../../../Engine/Content/EngineMaterials/FastBlueNoise_vec2_128x128x64.uexp" 545
"../../../Engine/Content/EngineMaterials/FastBlueNoise_scalar_128x128x8.uasset" 546
"../../../Engine/Content/EngineMaterials/FastBlueNoise_scalar_128x128x8.uexp" 547
"../../../Engine/Content/EngineMaterials/FastBlueNoise_scalar_128x128x64.uasset" 548
"../../../Engine/Content/EngineMaterials/FastBlueNoise_scalar_128x128x64.uexp" 549
"../../../Engine/Content/EngineMaterials/DefaultWhiteGrid_Low.uasset" 550
"../../../Engine/Content/EngineMaterials/DefaultWhiteGrid_Low.uexp" 551
"../../../Engine/Content/EngineMaterials/EmissiveMeshMaterial.uasset" 552
"../../../Engine/Content/EngineMaterials/EmissiveMeshMaterial.uexp" 553
"../../../Engine/Content/EngineMaterials/DefaultWhiteGrid.ubulk" 554
"../../../Engine/Content/EngineMaterials/DefaultWhiteGrid.uasset" 555
"../../../Engine/Content/EngineMaterials/DefaultWhiteGrid.uexp" 556
"../../../Engine/Content/EngineFonts/RobotoDistanceField.uasset" 557
"../../../Engine/Content/EngineFonts/RobotoDistanceField.uexp" 558
"../../../Engine/Content/EngineMaterials/DefaultTextMaterialOpaque.uasset" 559
"../../../Engine/Content/EngineMaterials/DefaultTextMaterialOpaque.uexp" 560
"../../../Engine/Content/EngineMaterials/DefaultPostProcessMaterial.uasset" 561
"../../../Engine/Content/EngineMaterials/DefaultPostProcessMaterial.uexp" 562
"../../../Engine/Content/EngineMaterials/DefaultLightFunctionMaterial.uasset" 563
"../../../Engine/Content/EngineMaterials/DefaultLightFunctionMaterial.uexp" 564
"../../../Engine/Content/EngineMaterials/DefaultDeferredDecalMaterial.uasset" 565
"../../../Engine/Content/EngineMaterials/DefaultDeferredDecalMaterial.uexp" 566
"../../../Engine/Content/EngineMaterials/DefaultBokeh.uasset" 567
"../../../Engine/Content/EngineMaterials/DefaultBokeh.uexp" 568
"../../../Engine/Content/EngineMaterials/DefaultBloomKernel.uasset" 569
"../../../Engine/Content/EngineMaterials/DefaultBloomKernel.uexp" 570
"../../../Engine/Content/EngineDebugMaterials/VolumeToRender.uasset" 571
"../../../Engine/Content/EngineDebugMaterials/VolumeToRender.uexp" 572
"../../../Engine/Content/Functions/Engine_MaterialFunctions02/Utility/CameraDirectionVector.uasset" 573
"../../../Engine/Content/Functions/Engine_MaterialFunctions02/Utility/CameraDirectionVector.uexp" 574
"../../../Engine/Content/EngineDebugMaterials/M_VolumeRenderSphereTracePP.uasset" 575
"../../../Engine/Content/EngineDebugMaterials/M_VolumeRenderSphereTracePP.uexp" 576
"../../../Engine/Content/EngineDebugMaterials/M_SimpleUnlitTranslucent.uasset" 577
"../../../Engine/Content/EngineDebugMaterials/M_SimpleUnlitTranslucent.uexp" 578
"../../../Engine/Content/EngineDebugMaterials/DebugMeshMaterial.uasset" 579
"../../../Engine/Content/EngineDebugMaterials/DebugMeshMaterial.uexp" 580
"../../../Engine/Content/EngineDebugMaterials/DebugEditorMaterial.uasset" 581
"../../../Engine/Content/EngineDebugMaterials/DebugEditorMaterial.uexp" 582
"../../../Engine/Content/EngineDamageTypes/DmgTypeBP_Environmental.uasset" 583
"../../../Engine/Content/EngineDamageTypes/DmgTypeBP_Environmental.uexp" 584
"../../../Engine/Plugins/VirtualProduction/CameraCalibrationCore/Content/Materials/M_DefaultOddSquare.uasset" 585
"../../../Engine/Plugins/VirtualProduction/CameraCalibrationCore/Content/Materials/M_DefaultOddSquare.uexp" 586
"../../../Engine/Plugins/VirtualProduction/CameraCalibrationCore/Content/Materials/M_DefaultEvenSquare.uasset" 587
"../../../Engine/Plugins/VirtualProduction/CameraCalibrationCore/Content/Materials/M_DefaultEvenSquare.uexp" 588
"../../../Engine/Plugins/Runtime/HairStrands/Content/Materials/HairMeshesDefaultMaterial.uasset" 589
"../../../Engine/Plugins/Runtime/HairStrands/Content/Materials/HairMeshesDefaultMaterial.uexp" 590
"../../../Engine/Plugins/Runtime/HairStrands/Content/Materials/HairDefaultMaterial.uasset" 591
"../../../Engine/Plugins/Runtime/HairStrands/Content/Materials/HairDefaultMaterial.uexp" 592
"../../../Engine/Content/Functions/Engine_MaterialFunctions02/Utility/MakeFloat2.uasset" 593
"../../../Engine/Content/Functions/Engine_MaterialFunctions02/Utility/MakeFloat2.uexp" 594
"../../../Engine/Content/EngineMaterials/HairDebugColor.uasset" 595
"../../../Engine/Content/EngineMaterials/HairDebugColor.uexp" 596
"../../../Engine/Content/EngineMaterials/HairColorMap.uasset" 597
"../../../Engine/Content/EngineMaterials/HairColorMap.uexp" 598
"../../../Engine/Plugins/Runtime/HairStrands/Content/Materials/HairGroupColors.uasset" 599
"../../../Engine/Plugins/Runtime/HairStrands/Content/Materials/HairGroupColors.uexp" 600
"../../../Engine/Plugins/Runtime/HairStrands/Content/Materials/HairDebugMaterial.uasset" 601
"../../../Engine/Plugins/Runtime/HairStrands/Content/Materials/HairDebugMaterial.uexp" 602
"../../../Engine/Plugins/Runtime/HairStrands/Content/Materials/HairCardsDefaultMaterial.uasset" 603
"../../../Engine/Plugins/Runtime/HairStrands/Content/Materials/HairCardsDefaultMaterial.uexp" 604
"../../../Engine/Plugins/Runtime/AudioWidgets/Content/Resources/ScrubHandleDown_Clamped.uasset" 605
"../../../Engine/Plugins/Runtime/AudioWidgets/Content/Resources/ScrubHandleDown_Clamped.uexp" 606
"../../../Engine/Plugins/Interchange/Assets/Content/Functions/MX_UsdPreviewSurface.uasset" 607
"../../../Engine/Plugins/Interchange/Assets/Content/Functions/MX_UsdPreviewSurface.uexp" 608
"../../../Engine/Plugins/Interchange/Assets/Content/Functions/MX_UniformEDF.uasset" 609
"../../../Engine/Plugins/Interchange/Assets/Content/Functions/MX_UniformEDF.uexp" 610
"../../../Engine/Plugins/Interchange/Assets/Content/Functions/MX_TranslucentBSDF.uasset" 611
"../../../Engine/Plugins/Interchange/Assets/Content/Functions/MX_TranslucentBSDF.uexp" 612
"../../../Engine/Plugins/Interchange/Assets/Content/Functions/MX_ThinFilmBSDF.uasset" 613
"../../../Engine/Plugins/Interchange/Assets/Content/Functions/MX_ThinFilmBSDF.uexp" 614
"../../../Engine/Plugins/Interchange/Assets/Content/Functions/MX_SurfaceUnlit.uasset" 615
"../../../Engine/Plugins/Interchange/Assets/Content/Functions/MX_SurfaceUnlit.uexp" 616
"../../../Engine/Plugins/Interchange/Assets/Content/Functions/MX_Surface.uasset" 617
"../../../Engine/Plugins/Interchange/Assets/Content/Functions/MX_Surface.uexp" 618
"../../../Engine/Plugins/Interchange/Assets/Content/Functions/MX_SubsurfaceBSDF.uasset" 619
"../../../Engine/Plugins/Interchange/Assets/Content/Functions/MX_SubsurfaceBSDF.uexp" 620
"../../../Engine/Plugins/Interchange/Assets/Content/Functions/MX_SheenBSDF.uasset" 621
"../../../Engine/Plugins/Interchange/Assets/Content/Functions/MX_SheenBSDF.uexp" 622
"../../../Engine/Plugins/Interchange/Assets/Content/Functions/MX_OrenNayarBSDF.uasset" 623
"../../../Engine/Plugins/Interchange/Assets/Content/Functions/MX_OrenNayarBSDF.uexp" 624
"../../../Engine/Plugins/Interchange/Assets/Content/Functions/MF_IridescenceNoLUT.uasset" 625
"../../../Engine/Plugins/Interchange/Assets/Content/Functions/MF_IridescenceNoLUT.uexp" 626
"../../../Engine/Plugins/Interchange/Assets/Content/Functions/MX_StandardSurface.uasset" 627
"../../../Engine/Plugins/Interchange/Assets/Content/Functions/MX_StandardSurface.uexp" 628
"../../../Engine/Plugins/Interchange/Assets/Content/Functions/MX_TransmissionSurface.uasset" 629
"../../../Engine/Plugins/Interchange/Assets/Content/Functions/MX_TransmissionSurface.uexp" 630
"../../../Engine/Plugins/Interchange/Assets/Content/Functions/MX_OpenPBR_Translucent.uasset" 631
"../../../Engine/Plugins/Interchange/Assets/Content/Functions/MX_OpenPBR_Translucent.uexp" 632
"../../../Engine/Plugins/Interchange/Assets/Content/Functions/MX_OpenPBR_Opaque.uasset" 633
"../../../Engine/Plugins/Interchange/Assets/Content/Functions/MX_OpenPBR_Opaque.uexp" 634
"../../../Engine/Plugins/Interchange/Assets/Content/Functions/MX_MeasuredEDF.uasset" 635
"../../../Engine/Plugins/Interchange/Assets/Content/Functions/MX_MeasuredEDF.uexp" 636
"../../../Engine/Plugins/Interchange/Assets/Content/Functions/MX_GeneralizedSchlickBSDF.uasset" 637
"../../../Engine/Plugins/Interchange/Assets/Content/Functions/MX_GeneralizedSchlickBSDF.uexp" 638
"../../../Engine/Plugins/Interchange/Assets/Content/Functions/MX_Displacement.uasset" 639
"../../../Engine/Plugins/Interchange/Assets/Content/Functions/MX_Displacement.uexp" 640
"../../../Engine/Plugins/Interchange/Assets/Content/Functions/MX_DielectricBSDF.uasset" 641
"../../../Engine/Plugins/Interchange/Assets/Content/Functions/MX_DielectricBSDF.uexp" 642
"../../../Engine/Plugins/Interchange/Assets/Content/Functions/MX_ConicalEDF.uasset" 643
"../../../Engine/Plugins/Interchange/Assets/Content/Functions/MX_ConicalEDF.uexp" 644
"../../../Engine/Plugins/Interchange/Assets/Content/Functions/MX_ConductorBSDF.uasset" 645
"../../../Engine/Plugins/Interchange/Assets/Content/Functions/MX_ConductorBSDF.uexp" 646
"../../../Engine/Plugins/Interchange/Assets/Content/Functions/MX_BurleyDiffuseBSDF.uasset" 647
"../../../Engine/Plugins/Interchange/Assets/Content/Functions/MX_BurleyDiffuseBSDF.uexp" 648
"../../../Engine/Plugins/Interchange/Assets/Content/Functions/MX_AnisotropicVDF.uasset" 649
"../../../Engine/Plugins/Interchange/Assets/Content/Functions/MX_AnisotropicVDF.uexp" 650
"../../../Engine/Plugins/Interchange/Assets/Content/Functions/MX_AbsorptionVDF.uasset" 651
"../../../Engine/Plugins/Interchange/Assets/Content/Functions/MX_AbsorptionVDF.uexp" 652
"../../../Engine/Plugins/Interchange/Assets/Content/gltf/Textures/T_White_srgb.uasset" 653
"../../../Engine/Plugins/Interchange/Assets/Content/gltf/Textures/T_White_srgb.uexp" 654
"../../../Engine/Plugins/Interchange/Assets/Content/gltf/MaterialFunctions/MF_BaseColor.uasset" 655
"../../../Engine/Plugins/Interchange/Assets/Content/gltf/MaterialFunctions/MF_BaseColor.uexp" 656
"../../../Engine/Plugins/Interchange/Assets/Content/gltf/MaterialFunctions/MF_RotateV2.uasset" 657
"../../../Engine/Plugins/Interchange/Assets/Content/gltf/MaterialFunctions/MF_RotateV2.uexp" 658
"../../../Engine/Plugins/Interchange/Assets/Content/gltf/MaterialFunctions/MF_TransformUVs.uasset" 659
"../../../Engine/Plugins/Interchange/Assets/Content/gltf/MaterialFunctions/MF_TransformUVs.uexp" 660
"../../../Engine/Plugins/Interchange/Assets/Content/gltf/MaterialBodies/MF_Unlit_Body.uasset" 661
"../../../Engine/Plugins/Interchange/Assets/Content/gltf/MaterialBodies/MF_Unlit_Body.uexp" 662
"../../../Engine/Plugins/Interchange/Assets/Content/gltf/M_Unlit.uasset" 663
"../../../Engine/Plugins/Interchange/Assets/Content/gltf/M_Unlit.uexp" 664
"../../../Engine/Plugins/Interchange/Assets/Content/gltf/MaterialInstances/MI_Unlit_Opaque_DS.uasset" 665
"../../../Engine/Plugins/Interchange/Assets/Content/gltf/MaterialInstances/MI_Unlit_Opaque_DS.uexp" 666
"../../../Engine/Plugins/Interchange/Assets/Content/gltf/MaterialInstances/MI_Unlit_Opaque.uasset" 667
"../../../Engine/Plugins/Interchange/Assets/Content/gltf/MaterialInstances/MI_Unlit_Opaque.uexp" 668
"../../../Engine/Plugins/Interchange/Assets/Content/gltf/MaterialInstances/MI_Unlit_Mask_DS.uasset" 669
"../../../Engine/Plugins/Interchange/Assets/Content/gltf/MaterialInstances/MI_Unlit_Mask_DS.uexp" 670
"../../../Engine/Plugins/Interchange/Assets/Content/gltf/MaterialInstances/MI_Unlit_Mask.uasset" 671
"../../../Engine/Plugins/Interchange/Assets/Content/gltf/MaterialInstances/MI_Unlit_Mask.uexp" 672
"../../../Engine/Plugins/Interchange/Assets/Content/gltf/MaterialInstances/MI_Unlit_Blend_DS.uasset" 673
"../../../Engine/Plugins/Interchange/Assets/Content/gltf/MaterialInstances/MI_Unlit_Blend_DS.uexp" 674
"../../../Engine/Plugins/Interchange/Assets/Content/gltf/MaterialInstances/MI_Unlit_Blend.uasset" 675
"../../../Engine/Plugins/Interchange/Assets/Content/gltf/MaterialInstances/MI_Unlit_Blend.uexp" 676
"../../../Engine/Content/EngineMaterials/Good64x64TilingNoiseHighFreq.uasset" 677
"../../../Engine/Content/EngineMaterials/Good64x64TilingNoiseHighFreq.uexp" 678
"../../../Engine/Plugins/Interchange/Assets/Content/Utilities/New_LUT.uasset" 679
"../../../Engine/Plugins/Interchange/Assets/Content/Utilities/New_LUT.uexp" 680
"../../../Engine/Content/Functions/Engine_MaterialFunctions03/Math/RemapValueRange.uasset" 681
"../../../Engine/Content/Functions/Engine_MaterialFunctions03/Math/RemapValueRange.uexp" 682
"../../../Engine/Plugins/Interchange/Assets/Content/Functions/MF_Iridescence.uasset" 683
"../../../Engine/Plugins/Interchange/Assets/Content/Functions/MF_Iridescence.uexp" 684
"../../../Engine/Content/Functions/Engine_MaterialFunctions02/Texturing/ScreenAlignedPixelToPixelUVs.uasset" 685
"../../../Engine/Content/Functions/Engine_MaterialFunctions02/Texturing/ScreenAlignedPixelToPixelUVs.uexp" 686
"../../../Engine/Plugins/Interchange/Assets/Content/gltf/MaterialFunctions/MF_Fresnel_DS.uasset" 687
"../../../Engine/Plugins/Interchange/Assets/Content/gltf/MaterialFunctions/MF_Fresnel_DS.uexp" 688
"../../../Engine/Plugins/Interchange/Assets/Content/gltf/MaterialFunctions/MF_IOR.uasset" 689
"../../../Engine/Plugins/Interchange/Assets/Content/gltf/MaterialFunctions/MF_IOR.uexp" 690
"../../../Engine/Plugins/Interchange/Assets/Content/gltf/MaterialFunctions/MF_Iridescence.uasset" 691
"../../../Engine/Plugins/Interchange/Assets/Content/gltf/MaterialFunctions/MF_Iridescence.uexp" 692
"../../../Engine/Plugins/Interchange/Assets/Content/gltf/Textures/T_White_Linear.uasset" 693
"../../../Engine/Plugins/Interchange/Assets/Content/gltf/Textures/T_White_Linear.uexp" 694
"../../../Engine/Plugins/Interchange/Assets/Content/gltf/MaterialFunctions/MF_MetallicRoughness.uasset" 695
"../../../Engine/Plugins/Interchange/Assets/Content/gltf/MaterialFunctions/MF_MetallicRoughness.uexp" 696
"../../../Engine/Plugins/Interchange/Assets/Content/gltf/MaterialFunctions/MF_RotateNormals_TS.uasset" 697
"../../../Engine/Plugins/Interchange/Assets/Content/gltf/MaterialFunctions/MF_RotateNormals_TS.uexp" 698
"../../../Engine/Plugins/Interchange/Assets/Content/gltf/MaterialFunctions/MF_ScaleNormal.uasset" 699
"../../../Engine/Plugins/Interchange/Assets/Content/gltf/MaterialFunctions/MF_ScaleNormal.uexp" 700
"../../../Engine/Plugins/Interchange/Assets/Content/gltf/Textures/T_Generic_N.uasset" 701
"../../../Engine/Plugins/Interchange/Assets/Content/gltf/Textures/T_Generic_N.uexp" 702
"../../../Engine/Plugins/Interchange/Assets/Content/gltf/MaterialFunctions/MF_Normals.uasset" 703
"../../../Engine/Plugins/Interchange/Assets/Content/gltf/MaterialFunctions/MF_Normals.uexp" 704
"../../../Engine/Plugins/Interchange/Assets/Content/gltf/MaterialFunctions/MF_Occlusion.uasset" 705
"../../../Engine/Plugins/Interchange/Assets/Content/gltf/MaterialFunctions/MF_Occlusion.uexp" 706
"../../../Engine/Plugins/Interchange/Assets/Content/gltf/MaterialFunctions/MF_Specular.uasset" 707
"../../../Engine/Plugins/Interchange/Assets/Content/gltf/MaterialFunctions/MF_Specular.uexp" 708
"../../../Engine/Plugins/Interchange/Assets/Content/gltf/Textures/T_Anisotropy_Direction_Linear.uasset" 709
"../../../Engine/Plugins/Interchange/Assets/Content/gltf/Textures/T_Anisotropy_Direction_Linear.uexp" 710
"../../../Engine/Plugins/Interchange/Assets/Content/gltf/MaterialFunctions/MF_SpecularAnisotropy.uasset" 711
"../../../Engine/Plugins/Interchange/Assets/Content/gltf/MaterialFunctions/MF_SpecularAnisotropy.uexp" 712
"../../../Engine/Plugins/Interchange/Assets/Content/gltf/MaterialFunctions/MF_Temporal_Blur.uasset" 713
"../../../Engine/Plugins/Interchange/Assets/Content/gltf/MaterialFunctions/MF_Temporal_Blur.uexp" 714
"../../../Engine/Plugins/Interchange/Assets/Content/gltf/MaterialFunctions/MF_Transmission.uasset" 715
"../../../Engine/Plugins/Interchange/Assets/Content/gltf/MaterialFunctions/MF_Transmission.uexp" 716
"../../../Engine/Plugins/Interchange/Assets/Content/gltf/MaterialBodies/MF_Transmission_Body.uasset" 717
"../../../Engine/Plugins/Interchange/Assets/Content/gltf/MaterialBodies/MF_Transmission_Body.uexp" 718
"../../../Engine/Plugins/Interchange/Assets/Content/gltf/M_Transmission.uasset" 719
"../../../Engine/Plugins/Interchange/Assets/Content/gltf/M_Transmission.uexp" 720
"../../../Engine/Plugins/Interchange/Assets/Content/gltf/MaterialInstances/MI_Transmission_DS.uasset" 721
"../../../Engine/Plugins/Interchange/Assets/Content/gltf/MaterialInstances/MI_Transmission_DS.uexp" 722
"../../../Engine/Plugins/Interchange/Assets/Content/gltf/MaterialInstances/MI_Transmission.uasset" 723
"../../../Engine/Plugins/Interchange/Assets/Content/gltf/MaterialInstances/MI_Transmission.uexp" 724
"../../../Engine/Content/Functions/Engine_MaterialFunctions02/Math/AddComponents.uasset" 725
"../../../Engine/Content/Functions/Engine_MaterialFunctions02/Math/AddComponents.uexp" 726
"../../../Engine/Plugins/Interchange/Assets/Content/gltf/MaterialFunctions/MF_DiffuseSpecGloss.uasset" 727
"../../../Engine/Plugins/Interchange/Assets/Content/gltf/MaterialFunctions/MF_DiffuseSpecGloss.uexp" 728
"../../../Engine/Plugins/Interchange/Assets/Content/gltf/MaterialFunctions/MF_Emissive.uasset" 729
"../../../Engine/Plugins/Interchange/Assets/Content/gltf/MaterialFunctions/MF_Emissive.uexp" 730
"../../../Engine/Plugins/Interchange/Assets/Content/gltf/MaterialFunctions/MF_MaxComponentValue.uasset" 731
"../../../Engine/Plugins/Interchange/Assets/Content/gltf/MaterialFunctions/MF_MaxComponentValue.uexp" 732
"../../../Engine/Plugins/Interchange/Assets/Content/gltf/MaterialFunctions/MF_PerceivedBrightness.uasset" 733
"../../../Engine/Plugins/Interchange/Assets/Content/gltf/MaterialFunctions/MF_PerceivedBrightness.uexp" 734
"../../../Engine/Plugins/Interchange/Assets/Content/gltf/MaterialFunctions/MF_SpecGlossToMetalRoughness.uasset" 735
"../../../Engine/Plugins/Interchange/Assets/Content/gltf/MaterialFunctions/MF_SpecGlossToMetalRoughness.uexp" 736
"../../../Engine/Plugins/Interchange/Assets/Content/gltf/MaterialBodies/MF_SpecularGlossiness_Body.uasset" 737
"../../../Engine/Plugins/Interchange/Assets/Content/gltf/MaterialBodies/MF_SpecularGlossiness_Body.uexp" 738
"../../../Engine/Plugins/Interchange/Assets/Content/gltf/M_SpecularGlossiness.uasset" 739
"../../../Engine/Plugins/Interchange/Assets/Content/gltf/M_SpecularGlossiness.uexp" 740
"../../../Engine/Plugins/Interchange/Assets/Content/gltf/MaterialInstances/MI_SpecularGlossiness_Opaque_DS.uasset" 741
"../../../Engine/Plugins/Interchange/Assets/Content/gltf/MaterialInstances/MI_SpecularGlossiness_Opaque_DS.uexp" 742
"../../../Engine/Plugins/Interchange/Assets/Content/gltf/MaterialInstances/MI_SpecularGlossiness_Opaque.uasset" 743
"../../../Engine/Plugins/Interchange/Assets/Content/gltf/MaterialInstances/MI_SpecularGlossiness_Opaque.uexp" 744
"../../../Engine/Plugins/Interchange/Assets/Content/gltf/MaterialInstances/MI_SpecularGlossiness_Mask_DS.uasset" 745
"../../../Engine/Plugins/Interchange/Assets/Content/gltf/MaterialInstances/MI_SpecularGlossiness_Mask_DS.uexp" 746
"../../../Engine/Plugins/Interchange/Assets/Content/gltf/MaterialInstances/MI_SpecularGlossiness_Mask.uasset" 747
"../../../Engine/Plugins/Interchange/Assets/Content/gltf/MaterialInstances/MI_SpecularGlossiness_Mask.uexp" 748
"../../../Engine/Plugins/Interchange/Assets/Content/gltf/MaterialInstances/MI_SpecularGlossiness_Blend_DS.uasset" 749
"../../../Engine/Plugins/Interchange/Assets/Content/gltf/MaterialInstances/MI_SpecularGlossiness_Blend_DS.uexp" 750
"../../../Engine/Plugins/Interchange/Assets/Content/gltf/MaterialInstances/MI_SpecularGlossiness_Blend.uasset" 751
"../../../Engine/Plugins/Interchange/Assets/Content/gltf/MaterialInstances/MI_SpecularGlossiness_Blend.uexp" 752
"../../../Engine/Plugins/Interchange/Assets/Content/gltf/MaterialFunctions/MF_Sheen.uasset" 753
"../../../Engine/Plugins/Interchange/Assets/Content/gltf/MaterialFunctions/MF_Sheen.uexp" 754
"../../../Engine/Plugins/Interchange/Assets/Content/gltf/MaterialBodies/MF_Sheen_Body.uasset" 755
"../../../Engine/Plugins/Interchange/Assets/Content/gltf/MaterialBodies/MF_Sheen_Body.uexp" 756
"../../../Engine/Plugins/Interchange/Assets/Content/gltf/M_Sheen.uasset" 757
"../../../Engine/Plugins/Interchange/Assets/Content/gltf/M_Sheen.uexp" 758
"../../../Engine/Plugins/Interchange/Assets/Content/gltf/MaterialInstances/MI_Sheen_Opaque_DS.uasset" 759
"../../../Engine/Plugins/Interchange/Assets/Content/gltf/MaterialInstances/MI_Sheen_Opaque_DS.uexp" 760
"../../../Engine/Plugins/Interchange/Assets/Content/gltf/MaterialInstances/MI_Sheen_Opaque.uasset" 761
"../../../Engine/Plugins/Interchange/Assets/Content/gltf/MaterialInstances/MI_Sheen_Opaque.uexp" 762
"../../../Engine/Plugins/Interchange/Assets/Content/gltf/MaterialInstances/MI_Sheen_Mask_DS.uasset" 763
"../../../Engine/Plugins/Interchange/Assets/Content/gltf/MaterialInstances/MI_Sheen_Mask_DS.uexp" 764
"../../../Engine/Plugins/Interchange/Assets/Content/gltf/MaterialInstances/MI_Sheen_Mask.uasset" 765
"../../../Engine/Plugins/Interchange/Assets/Content/gltf/MaterialInstances/MI_Sheen_Mask.uexp" 766
"../../../Engine/Plugins/Interchange/Assets/Content/gltf/MaterialInstances/MI_Sheen_Blend_DS.uasset" 767
"../../../Engine/Plugins/Interchange/Assets/Content/gltf/MaterialInstances/MI_Sheen_Blend_DS.uexp" 768
"../../../Engine/Plugins/Interchange/Assets/Content/gltf/MaterialInstances/MI_Sheen_Blend.uasset" 769
"../../../Engine/Plugins/Interchange/Assets/Content/gltf/MaterialInstances/MI_Sheen_Blend.uexp" 770
"../../../Engine/Plugins/Interchange/Assets/Content/gltf/MaterialBodies/MF_Default_Body.uasset" 771
"../../../Engine/Plugins/Interchange/Assets/Content/gltf/MaterialBodies/MF_Default_Body.uexp" 772
"../../../Engine/Plugins/Interchange/Assets/Content/gltf/M_Default.uasset" 773
"../../../Engine/Plugins/Interchange/Assets/Content/gltf/M_Default.uexp" 774
"../../../Engine/Plugins/Interchange/Assets/Content/gltf/MaterialInstances/MI_Default_Opaque_DS.uasset" 775
"../../../Engine/Plugins/Interchange/Assets/Content/gltf/MaterialInstances/MI_Default_Opaque_DS.uexp" 776
"../../../Engine/Plugins/Interchange/Assets/Content/gltf/MaterialInstances/MI_Default_Opaque.uasset" 777
"../../../Engine/Plugins/Interchange/Assets/Content/gltf/MaterialInstances/MI_Default_Opaque.uexp" 778
"../../../Engine/Plugins/Interchange/Assets/Content/gltf/MaterialInstances/MI_Default_Mask_DS.uasset" 779
"../../../Engine/Plugins/Interchange/Assets/Content/gltf/MaterialInstances/MI_Default_Mask_DS.uexp" 780
"../../../Engine/Plugins/Interchange/Assets/Content/gltf/MaterialInstances/MI_Default_Mask.uasset" 781
"../../../Engine/Plugins/Interchange/Assets/Content/gltf/MaterialInstances/MI_Default_Mask.uexp" 782
"../../../Engine/Plugins/Interchange/Assets/Content/gltf/MaterialInstances/MI_Default_Blend_DS.uasset" 783
"../../../Engine/Plugins/Interchange/Assets/Content/gltf/MaterialInstances/MI_Default_Blend_DS.uexp" 784
"../../../Engine/Plugins/Interchange/Assets/Content/gltf/MaterialInstances/MI_Default_Blend.uasset" 785
"../../../Engine/Plugins/Interchange/Assets/Content/gltf/MaterialInstances/MI_Default_Blend.uexp" 786
"../../../Engine/Content/Functions/Engine_MaterialFunctions01/Texturing/FlattenNormal.uasset" 787
"../../../Engine/Content/Functions/Engine_MaterialFunctions01/Texturing/FlattenNormal.uexp" 788
"../../../Engine/Plugins/Interchange/Assets/Content/gltf/MaterialFunctions/MF_Clearcoat.uasset" 789
"../../../Engine/Plugins/Interchange/Assets/Content/gltf/MaterialFunctions/MF_Clearcoat.uexp" 790
"../../../Engine/Plugins/Interchange/Assets/Content/gltf/MaterialBodies/MF_ClearCoat_Body.uasset" 791
"../../../Engine/Plugins/Interchange/Assets/Content/gltf/MaterialBodies/MF_ClearCoat_Body.uexp" 792
"../../../Engine/Plugins/Interchange/Assets/Content/gltf/M_ClearCoat.uasset" 793
"../../../Engine/Plugins/Interchange/Assets/Content/gltf/M_ClearCoat.uexp" 794
"../../../Engine/Plugins/Interchange/Assets/Content/gltf/MaterialInstances/MI_ClearCoat_Opaque_DS.uasset" 795
"../../../Engine/Plugins/Interchange/Assets/Content/gltf/MaterialInstances/MI_ClearCoat_Opaque_DS.uexp" 796
"../../../Engine/Plugins/Interchange/Assets/Content/gltf/MaterialInstances/MI_ClearCoat_Opaque.uasset" 797
"../../../Engine/Plugins/Interchange/Assets/Content/gltf/MaterialInstances/MI_ClearCoat_Opaque.uexp" 798
"../../../Engine/Plugins/Interchange/Assets/Content/gltf/MaterialInstances/MI_ClearCoat_Mask_DS.uasset" 799
"../../../Engine/Plugins/Interchange/Assets/Content/gltf/MaterialInstances/MI_ClearCoat_Mask_DS.uexp" 800
"../../../Engine/Plugins/Interchange/Assets/Content/gltf/MaterialInstances/MI_ClearCoat_Mask.uasset" 801
"../../../Engine/Plugins/Interchange/Assets/Content/gltf/MaterialInstances/MI_ClearCoat_Mask.uexp" 802
"../../../Engine/Plugins/Interchange/Assets/Content/gltf/MaterialInstances/MI_ClearCoat_Blend_DS.uasset" 803
"../../../Engine/Plugins/Interchange/Assets/Content/gltf/MaterialInstances/MI_ClearCoat_Blend_DS.uexp" 804
"../../../Engine/Plugins/Interchange/Assets/Content/gltf/MaterialInstances/MI_ClearCoat_Blend.uasset" 805
"../../../Engine/Plugins/Interchange/Assets/Content/gltf/MaterialInstances/MI_ClearCoat_Blend.uexp" 806
"../../../Engine/Content/VREditor/TransformGizmo/BoundingBoxEdge.ubulk" 807
"../../../Engine/Content/VREditor/TransformGizmo/BoundingBoxEdge.uasset" 808
"../../../Engine/Content/VREditor/TransformGizmo/BoundingBoxEdge.uexp" 809
"../../../Engine/Content/VREditor/TransformGizmo/BoundingBoxCorner.ubulk" 810
"../../../Engine/Content/VREditor/TransformGizmo/BoundingBoxCorner.uasset" 811
"../../../Engine/Content/VREditor/TransformGizmo/BoundingBoxCorner.uexp" 812
"../../../Engine/Content/Functions/Engine_MaterialFunctions01/Shading/PowerToRoughness.uasset" 813
"../../../Engine/Content/Functions/Engine_MaterialFunctions01/Shading/PowerToRoughness.uexp" 814
"../../../Engine/Content/Functions/Engine_MaterialFunctions01/Shading/ConvertFromDiffSpec.uasset" 815
"../../../Engine/Content/Functions/Engine_MaterialFunctions01/Shading/ConvertFromDiffSpec.uexp" 816
"../../../Engine/Content/EngineResources/FilmGrains/Marcie_Grain_v3_128_M2_000.uasset" 817
"../../../Engine/Content/EngineResources/FilmGrains/Marcie_Grain_v3_128_M2_000.uexp" 818
"../../../Engine/Content/EngineResources/Development/ZenLogo_64.uasset" 819
"../../../Engine/Content/EngineResources/Development/ZenLogo_64.uexp" 820
"../../../Engine/Content/EngineMaterials/Substrate/Volume/SubstrateSimpleVolumeLUT3D.uasset" 821
"../../../Engine/Content/EngineMaterials/Substrate/Volume/SubstrateSimpleVolumeLUT3D.uexp" 822
"../../../Engine/Content/EngineMaterials/Substrate/Volume/SubstrateSimpleVolumeEnvLUT3D.uasset" 823
"../../../Engine/Content/EngineMaterials/Substrate/Volume/SubstrateSimpleVolumeEnvLUT3D.uexp" 824
"../../../Engine/Content/EngineMaterials/Substrate/Glints2/AGlintTex2dArray2.uasset" 825
"../../../Engine/Content/EngineMaterials/Substrate/Glints2/AGlintTex2dArray2.uexp" 826
"../../../Engine/Content/EngineMaterials/Substrate/GLints/AGlintTex2dArray.uasset" 827
"../../../Engine/Content/EngineMaterials/Substrate/GLints/AGlintTex2dArray.uexp" 828
"../../../Engine/Content/EngineMaterials/LTC/Sheen_LTC.uasset" 829
"../../../Engine/Content/EngineMaterials/LTC/Sheen_LTC.uexp" 830
"../../../Engine/Content/EngineMaterials/LTC/GGX_LTCMat.uasset" 831
"../../../Engine/Content/EngineMaterials/LTC/GGX_LTCMat.uexp" 832
"../../../Engine/Content/EngineMaterials/LTC/GGX_LTCAmp.uasset" 833
"../../../Engine/Content/EngineMaterials/LTC/GGX_LTCAmp.uexp" 834
"../../../Engine/Content/EngineMaterials/EnergyConservation/Sheen_Energy.uasset" 835
"../../../Engine/Content/EngineMaterials/EnergyConservation/Sheen_Energy.uexp" 836
"../../../Engine/Content/EngineMaterials/EnergyConservation/SheenLegacy_Energy.uasset" 837
"../../../Engine/Content/EngineMaterials/EnergyConservation/SheenLegacy_Energy.uexp" 838
"../../../Engine/Content/EngineMaterials/EnergyConservation/GGX_TransmissionEnergyArray.uasset" 839
"../../../Engine/Content/EngineMaterials/EnergyConservation/GGX_TransmissionEnergyArray.uexp" 840
"../../../Engine/Content/EngineMaterials/EnergyConservation/GGX_ReflectionEnergy.uasset" 841
"../../../Engine/Content/EngineMaterials/EnergyConservation/GGX_ReflectionEnergy.uexp" 842
"../../../Engine/Content/EngineMaterials/EnergyConservation/Diffuse_Energy.uasset" 843
"../../../Engine/Content/EngineMaterials/EnergyConservation/Diffuse_Energy.uexp" 844
"../../../Engine/Content/EditorMaterials/ParticleSystems/PSysThumbnail_OOD.ubulk" 845
"../../../Engine/Content/EditorMaterials/ParticleSystems/PSysThumbnail_OOD.uasset" 846
"../../../Engine/Content/EditorMaterials/ParticleSystems/PSysThumbnail_OOD.uexp" 847
"../../../Engine/Content/EditorMaterials/ParticleSystems/PSysThumbnail_NoImage.ubulk" 848
"../../../Engine/Content/EditorMaterials/ParticleSystems/PSysThumbnail_NoImage.uasset" 849
"../../../Engine/Content/EditorMaterials/ParticleSystems/PSysThumbnail_NoImage.uexp" 850
"../../../Engine/Content/EditorMaterials/Dataflow/DataflowVertexMaterial.uasset" 851
"../../../Engine/Content/EditorMaterials/Dataflow/DataflowVertexMaterial.uexp" 852
"../../../Engine/Content/EditorMaterials/Dataflow/DataflowTwoSidedVertexMaterial.uasset" 853
"../../../Engine/Content/EditorMaterials/Dataflow/DataflowTwoSidedVertexMaterial.uexp" 854
"../../../Engine/Content/ArtTools/RenderToTexture/Meshes/S_1_Unit_Plane.ubulk" 855
"../../../Engine/Content/ArtTools/RenderToTexture/Meshes/S_1_Unit_Plane.uasset" 856
"../../../Engine/Content/ArtTools/RenderToTexture/Meshes/S_1_Unit_Plane.uexp" 857
"E:/AIT Current/Y3T2/Internship-Project/ProjectRamulus/Content/MyContent/Images/CustomCursor.uasset" 858
"E:/AIT Current/Y3T2/Internship-Project/ProjectRamulus/Content/MyContent/Images/CustomCursor.uexp" 859
"E:/AIT Current/Y3T2/Internship-Project/ProjectRamulus/Content/MyContent/Widgets/WB_CustomCursor.uasset" 860
"E:/AIT Current/Y3T2/Internship-Project/ProjectRamulus/Content/MyContent/Widgets/WB_CustomCursor.uexp" 861
"../../../Engine/Plugins/Animation/DeformerGraph/Content/DeformerFunctions/DG_Function_LinearBlendSkin_Morph_Cloth.uasset" 862
"../../../Engine/Plugins/Animation/DeformerGraph/Content/DeformerFunctions/DG_Function_LinearBlendSkin_Morph_Cloth.uexp" 863
"../../../Engine/Plugins/Animation/DeformerGraph/Content/Deformers/DG_LinearBlendSkin_Morph_Cloth.uasset" 864
"../../../Engine/Plugins/Animation/DeformerGraph/Content/Deformers/DG_LinearBlendSkin_Morph_Cloth.uexp" 865
"../../../Engine/Plugins/Animation/DeformerGraph/Content/DeformerFunctions/DG_Function_LinearBlendSkin_Morph_Cloth_PositionOnly.uasset" 866
"../../../Engine/Plugins/Animation/DeformerGraph/Content/DeformerFunctions/DG_Function_LinearBlendSkin_Morph_Cloth_PositionOnly.uexp" 867
"../../../Engine/Plugins/Animation/DeformerGraph/Content/DeformerFunctions/DG_Function_ComputeNormalsTangents.uasset" 868
"../../../Engine/Plugins/Animation/DeformerGraph/Content/DeformerFunctions/DG_Function_ComputeNormalsTangents.uexp" 869
"../../../Engine/Plugins/Animation/DeformerGraph/Content/Deformers/DG_LinearBlendSkin_Morph_Cloth_RecomputeNormals.uasset" 870
"../../../Engine/Plugins/Animation/DeformerGraph/Content/Deformers/DG_LinearBlendSkin_Morph_Cloth_RecomputeNormals.uexp" 871
"../../../Engine/Content/Maps/Entry_BuiltData.uasset" 872
"../../../Engine/Content/Maps/Entry_BuiltData.uexp" 873
"../../../Engine/Content/Maps/Entry.uexp" 874
"../../../Engine/Content/Maps/Entry.umap" 875
"E:/AIT Current/Y3T2/Internship-Project/ProjectRamulus/Content/MyContent/Widgets/S_SaveSlotInfo.uasset" 876
"E:/AIT Current/Y3T2/Internship-Project/ProjectRamulus/Content/MyContent/Widgets/S_SaveSlotInfo.uexp" 877
"E:/AIT Current/Y3T2/Internship-Project/ProjectRamulus/Content/MyContent/Fonts/Butler_Regular.uexp" 878
"E:/AIT Current/Y3T2/Internship-Project/ProjectRamulus/Content/MyContent/Fonts/Butler_Regular.uasset" 879
"E:/AIT Current/Y3T2/Internship-Project/ProjectRamulus/Content/MyContent/Fonts/Butler_Regular.ufont" 880
"E:/AIT Current/Y3T2/Internship-Project/ProjectRamulus/Content/MyContent/Fonts/Butler_Regular_Font.uasset" 881
"E:/AIT Current/Y3T2/Internship-Project/ProjectRamulus/Content/MyContent/Fonts/Butler_Regular_Font.uexp" 882
"E:/AIT Current/Y3T2/Internship-Project/ProjectRamulus/Content/MyContent/Images/UI/SliderBar.uasset" 883
"E:/AIT Current/Y3T2/Internship-Project/ProjectRamulus/Content/MyContent/Images/UI/SliderBar.uexp" 884
"E:/AIT Current/Y3T2/Internship-Project/ProjectRamulus/Content/MyContent/Images/UI/SliderImage.uasset" 885
"E:/AIT Current/Y3T2/Internship-Project/ProjectRamulus/Content/MyContent/Images/UI/SliderImage.uexp" 886
"E:/AIT Current/Y3T2/Internship-Project/ProjectRamulus/Content/MyContent/Widgets/BP_UW_Slider.uasset" 887
"E:/AIT Current/Y3T2/Internship-Project/ProjectRamulus/Content/MyContent/Widgets/BP_UW_Slider.uexp" 888
"E:/AIT Current/Y3T2/Internship-Project/ProjectRamulus/Content/MyContent/Fonts/Butler_ExtraBold.uexp" 889
"E:/AIT Current/Y3T2/Internship-Project/ProjectRamulus/Content/MyContent/Fonts/Butler_ExtraBold.uasset" 890
"E:/AIT Current/Y3T2/Internship-Project/ProjectRamulus/Content/MyContent/Fonts/Butler_ExtraBold.ufont" 891
"E:/AIT Current/Y3T2/Internship-Project/ProjectRamulus/Content/MyContent/Fonts/Butler_ExtraBold_Font.uasset" 892
"E:/AIT Current/Y3T2/Internship-Project/ProjectRamulus/Content/MyContent/Fonts/Butler_ExtraBold_Font.uexp" 893
"E:/AIT Current/Y3T2/Internship-Project/ProjectRamulus/Content/MyContent/SaveGame/BP_SaveGame.uasset" 894
"E:/AIT Current/Y3T2/Internship-Project/ProjectRamulus/Content/MyContent/SaveGame/BP_SaveGame.uexp" 895
"E:/AIT Current/Y3T2/Internship-Project/ProjectRamulus/Content/MyContent/Widgets/BP_UW_SaveSlot.uasset" 896
"E:/AIT Current/Y3T2/Internship-Project/ProjectRamulus/Content/MyContent/Widgets/BP_UW_SaveSlot.uexp" 897
"E:/AIT Current/Y3T2/Internship-Project/ProjectRamulus/Content/MyContent/Fonts/Butler/Butler_Medium.uexp" 898
"E:/AIT Current/Y3T2/Internship-Project/ProjectRamulus/Content/MyContent/Fonts/Butler/Butler_Medium.uasset" 899
"E:/AIT Current/Y3T2/Internship-Project/ProjectRamulus/Content/MyContent/Fonts/Butler/Butler_Medium.ufont" 900
"E:/AIT Current/Y3T2/Internship-Project/ProjectRamulus/Content/MyContent/Fonts/Butler/Butler_Medium_Font.uasset" 901
"E:/AIT Current/Y3T2/Internship-Project/ProjectRamulus/Content/MyContent/Fonts/Butler/Butler_Medium_Font.uexp" 902
"E:/AIT Current/Y3T2/Internship-Project/ProjectRamulus/Content/MyContent/Widgets/BP_UW_DialogeText.uasset" 903
"E:/AIT Current/Y3T2/Internship-Project/ProjectRamulus/Content/MyContent/Widgets/BP_UW_DialogeText.uexp" 904
"../../../Engine/Content/EngineSounds/Music.uasset" 905
"../../../Engine/Content/EngineSounds/Music.uexp" 906
"../../../Engine/Content/EngineSounds/Submixes/MasterReverbEffectPreset.uasset" 907
"../../../Engine/Content/EngineSounds/Submixes/MasterReverbEffectPreset.uexp" 908
"../../../Engine/Content/EngineSounds/Submixes/MasterReverbSubmixDefault.uasset" 909
"../../../Engine/Content/EngineSounds/Submixes/MasterReverbSubmixDefault.uexp" 910
"../../../Engine/Content/EngineSounds/Submixes/MasterEQEffectPreset.uasset" 911
"../../../Engine/Content/EngineSounds/Submixes/MasterEQEffectPreset.uexp" 912
"../../../Engine/Content/EngineSounds/Submixes/MasterEQSubmixDefault.uasset" 913
"../../../Engine/Content/EngineSounds/Submixes/MasterEQSubmixDefault.uexp" 914
"../../../Engine/Content/EngineSounds/Submixes/MasterSubmixDefault.uasset" 915
"../../../Engine/Content/EngineSounds/Submixes/MasterSubmixDefault.uexp" 916
"E:/AIT Current/Y3T2/Internship-Project/ProjectRamulus/Content/MyContent/SFX/MasterVoices.uasset" 917
"E:/AIT Current/Y3T2/Internship-Project/ProjectRamulus/Content/MyContent/SFX/MasterVoices.uexp" 918
"E:/AIT Current/Y3T2/Internship-Project/ProjectRamulus/Content/MyContent/SFX/MasterEffects.uasset" 919
"E:/AIT Current/Y3T2/Internship-Project/ProjectRamulus/Content/MyContent/SFX/MasterEffects.uexp" 920
"E:/AIT Current/Y3T2/Internship-Project/ProjectRamulus/Content/MyContent/SFX/MasterGameSoundMix.uasset" 921
"E:/AIT Current/Y3T2/Internship-Project/ProjectRamulus/Content/MyContent/SFX/MasterGameSoundMix.uexp" 922
"E:/AIT Current/Y3T2/Internship-Project/ProjectRamulus/Content/MyContent/SFX/MasterMusic.uasset" 923
"E:/AIT Current/Y3T2/Internship-Project/ProjectRamulus/Content/MyContent/SFX/MasterMusic.uexp" 924
"../../../Engine/Content/Functions/Engine_MaterialFunctions02/ExampleContent/Textures/SphereRenderHeightMap.ubulk" 925
"../../../Engine/Content/Functions/Engine_MaterialFunctions02/ExampleContent/Textures/SphereRenderHeightMap.uasset" 926
"../../../Engine/Content/Functions/Engine_MaterialFunctions02/ExampleContent/Textures/SphereRenderHeightMap.uexp" 927
"E:/AIT Current/Y3T2/Internship-Project/ProjectRamulus/Content/MyContent/Images/UI/ArrowMenu.uasset" 928
"E:/AIT Current/Y3T2/Internship-Project/ProjectRamulus/Content/MyContent/Images/UI/ArrowMenu.uexp" 929
"E:/AIT Current/Y3T2/Internship-Project/ProjectRamulus/Content/MyContent/Widgets/BP_UW_SettingsBox.uasset" 930
"E:/AIT Current/Y3T2/Internship-Project/ProjectRamulus/Content/MyContent/Widgets/BP_UW_SettingsBox.uexp" 931
"E:/AIT Current/Y3T2/Internship-Project/ProjectRamulus/Content/MyContent/Images/UI/Border_IMG.uasset" 932
"E:/AIT Current/Y3T2/Internship-Project/ProjectRamulus/Content/MyContent/Images/UI/Border_IMG.uexp" 933
"E:/AIT Current/Y3T2/Internship-Project/ProjectRamulus/Content/MyContent/Widgets/BP_UW_ChapterButton.uasset" 934
"E:/AIT Current/Y3T2/Internship-Project/ProjectRamulus/Content/MyContent/Widgets/BP_UW_ChapterButton.uexp" 935
"E:/AIT Current/Y3T2/Internship-Project/ProjectRamulus/Content/MyContent/Images/Backgrounds/Chapter1/Chapter1Legion.uasset" 936
"E:/AIT Current/Y3T2/Internship-Project/ProjectRamulus/Content/MyContent/Images/Backgrounds/Chapter1/Chapter1Legion.uexp" 937
"E:/AIT Current/Y3T2/Internship-Project/ProjectRamulus/Content/MyContent/Images/UI/InnerCrop.uasset" 938
"E:/AIT Current/Y3T2/Internship-Project/ProjectRamulus/Content/MyContent/Images/UI/InnerCrop.uexp" 939
"E:/AIT Current/Y3T2/Internship-Project/ProjectRamulus/Content/MyContent/Images/UI/Border2_IMG.uasset" 940
"E:/AIT Current/Y3T2/Internship-Project/ProjectRamulus/Content/MyContent/Images/UI/Border2_IMG.uexp" 941
"E:/AIT Current/Y3T2/Internship-Project/ProjectRamulus/Content/MyContent/Materials/M_ImageCropped.uasset" 942
"E:/AIT Current/Y3T2/Internship-Project/ProjectRamulus/Content/MyContent/Materials/M_ImageCropped.uexp" 943
"E:/AIT Current/Y3T2/Internship-Project/ProjectRamulus/Content/MyContent/Materials/M_ImageCropped_Inst.uasset" 944
"E:/AIT Current/Y3T2/Internship-Project/ProjectRamulus/Content/MyContent/Materials/M_ImageCropped_Inst.uexp" 945
"E:/AIT Current/Y3T2/Internship-Project/ProjectRamulus/Content/MyContent/Widgets/BP_UW_Chapter.uasset" 946
"E:/AIT Current/Y3T2/Internship-Project/ProjectRamulus/Content/MyContent/Widgets/BP_UW_Chapter.uexp" 947
"E:/AIT Current/Y3T2/Internship-Project/ProjectRamulus/Content/MyContent/Fonts/Butler/Butler_Black.uexp" 948
"E:/AIT Current/Y3T2/Internship-Project/ProjectRamulus/Content/MyContent/Fonts/Butler/Butler_Black.uasset" 949
"E:/AIT Current/Y3T2/Internship-Project/ProjectRamulus/Content/MyContent/Fonts/Butler/Butler_Black.ufont" 950
"E:/AIT Current/Y3T2/Internship-Project/ProjectRamulus/Content/MyContent/Fonts/Butler/Butler_Black_Font.uasset" 951
"E:/AIT Current/Y3T2/Internship-Project/ProjectRamulus/Content/MyContent/Fonts/Butler/Butler_Black_Font.uexp" 952
"E:/AIT Current/Y3T2/Internship-Project/ProjectRamulus/Content/MyContent/Fonts/Butler_Bold.uexp" 953
"E:/AIT Current/Y3T2/Internship-Project/ProjectRamulus/Content/MyContent/Fonts/Butler_Bold.uasset" 954
"E:/AIT Current/Y3T2/Internship-Project/ProjectRamulus/Content/MyContent/Fonts/Butler_Bold.ufont" 955
"E:/AIT Current/Y3T2/Internship-Project/ProjectRamulus/Content/MyContent/Fonts/Butler_Bold_Font.uasset" 956
"E:/AIT Current/Y3T2/Internship-Project/ProjectRamulus/Content/MyContent/Fonts/Butler_Bold_Font.uexp" 957
"E:/AIT Current/Y3T2/Internship-Project/ProjectRamulus/Content/MyContent/Images/UI/ArrowHead.uasset" 958
"E:/AIT Current/Y3T2/Internship-Project/ProjectRamulus/Content/MyContent/Images/UI/ArrowHead.uexp" 959
"E:/AIT Current/Y3T2/Internship-Project/ProjectRamulus/Content/MyContent/Images/UI/ArrowHead_Red.uasset" 960
"E:/AIT Current/Y3T2/Internship-Project/ProjectRamulus/Content/MyContent/Images/UI/ArrowHead_Red.uexp" 961
"E:/AIT Current/Y3T2/Internship-Project/ProjectRamulus/Content/MyContent/Sounds/Ambience__Historical__Medieval_Village__Voices__Farm_Animals__Workers_Hammering__Calm_01__51___LRC_LFE_Ls_Rs__SND127616.ubulk" 962
"E:/AIT Current/Y3T2/Internship-Project/ProjectRamulus/Content/MyContent/Sounds/Ambience__Historical__Medieval_Village__Voices__Farm_Animals__Workers_Hammering__Calm_01__51___LRC_LFE_Ls_Rs__SND127616.uasset" 963
"E:/AIT Current/Y3T2/Internship-Project/ProjectRamulus/Content/MyContent/Sounds/Ambience__Historical__Medieval_Village__Voices__Farm_Animals__Workers_Hammering__Calm_01__51___LRC_LFE_Ls_Rs__SND127616.uexp" 964
"E:/AIT Current/Y3T2/Internship-Project/ProjectRamulus/Content/MyContent/Sounds/alexander-nakarada-village-ambiance.ubulk" 965
"E:/AIT Current/Y3T2/Internship-Project/ProjectRamulus/Content/MyContent/Sounds/alexander-nakarada-village-ambiance.uasset" 966
"E:/AIT Current/Y3T2/Internship-Project/ProjectRamulus/Content/MyContent/Sounds/alexander-nakarada-village-ambiance.uexp" 967
"E:/AIT Current/Y3T2/Internship-Project/ProjectRamulus/Content/MyContent/SFX/UI/UI_Pressed.ubulk" 968
"E:/AIT Current/Y3T2/Internship-Project/ProjectRamulus/Content/MyContent/SFX/UI/UI_Pressed.uasset" 969
"E:/AIT Current/Y3T2/Internship-Project/ProjectRamulus/Content/MyContent/SFX/UI/UI_Pressed.uexp" 970
"E:/AIT Current/Y3T2/Internship-Project/ProjectRamulus/Content/MyContent/SFX/UI/UI_Highlight.ubulk" 971
"E:/AIT Current/Y3T2/Internship-Project/ProjectRamulus/Content/MyContent/SFX/UI/UI_Highlight.uasset" 972
"E:/AIT Current/Y3T2/Internship-Project/ProjectRamulus/Content/MyContent/SFX/UI/UI_Highlight.uexp" 973
"E:/AIT Current/Y3T2/Internship-Project/ProjectRamulus/Content/MyContent/SFX/UI/UI_Highlight_Cue.uasset" 974
"E:/AIT Current/Y3T2/Internship-Project/ProjectRamulus/Content/MyContent/SFX/UI/UI_Highlight_Cue.uexp" 975
"E:/AIT Current/Y3T2/Internship-Project/ProjectRamulus/Content/MyContent/SaveGame/BP_GameSettings.uasset" 976
"E:/AIT Current/Y3T2/Internship-Project/ProjectRamulus/Content/MyContent/SaveGame/BP_GameSettings.uexp" 977
"E:/AIT Current/Y3T2/Internship-Project/ProjectRamulus/Content/MyContent/Fonts/Butler_Stencil/Butler_ExtraBold_Stencil.uexp" 978
"E:/AIT Current/Y3T2/Internship-Project/ProjectRamulus/Content/MyContent/Fonts/Butler_Stencil/Butler_ExtraBold_Stencil.uasset" 979
"E:/AIT Current/Y3T2/Internship-Project/ProjectRamulus/Content/MyContent/Fonts/Butler_Stencil/Butler_ExtraBold_Stencil.ufont" 980
"E:/AIT Current/Y3T2/Internship-Project/ProjectRamulus/Content/MyContent/Fonts/Butler_Stencil/Butler_ExtraBold_Stencil_Font.uasset" 981
"E:/AIT Current/Y3T2/Internship-Project/ProjectRamulus/Content/MyContent/Fonts/Butler_Stencil/Butler_ExtraBold_Stencil_Font.uexp" 982
"E:/AIT Current/Y3T2/Internship-Project/ProjectRamulus/Content/MyContent/Widgets/BP_UW_CharacterText.uasset" 983
"E:/AIT Current/Y3T2/Internship-Project/ProjectRamulus/Content/MyContent/Widgets/BP_UW_CharacterText.uexp" 984
"E:/AIT Current/Y3T2/Internship-Project/ProjectRamulus/Content/MyContent/Fonts/Butler/Butler_Regular.uexp" 985
"E:/AIT Current/Y3T2/Internship-Project/ProjectRamulus/Content/MyContent/Fonts/Butler/Butler_Regular.uasset" 986
"E:/AIT Current/Y3T2/Internship-Project/ProjectRamulus/Content/MyContent/Fonts/Butler/Butler_Regular.ufont" 987
"E:/AIT Current/Y3T2/Internship-Project/ProjectRamulus/Content/MyContent/Fonts/Butler/Butler_Regular_Font.uasset" 988
"E:/AIT Current/Y3T2/Internship-Project/ProjectRamulus/Content/MyContent/Fonts/Butler/Butler_Regular_Font.uexp" 989
"E:/AIT Current/Y3T2/Internship-Project/ProjectRamulus/Content/MyContent/Widgets/MiniGames/PrologueMinigame/sword-png-18.uasset" 990
"E:/AIT Current/Y3T2/Internship-Project/ProjectRamulus/Content/MyContent/Widgets/MiniGames/PrologueMinigame/sword-png-18.uexp" 991
"E:/AIT Current/Y3T2/Internship-Project/ProjectRamulus/Content/MyContent/Fonts/Butler_Stencil/Butler_Ultra_Light_Stencil.uexp" 992
"E:/AIT Current/Y3T2/Internship-Project/ProjectRamulus/Content/MyContent/Fonts/Butler_Stencil/Butler_Ultra_Light_Stencil.uasset" 993
"E:/AIT Current/Y3T2/Internship-Project/ProjectRamulus/Content/MyContent/Fonts/Butler_Stencil/Butler_Ultra_Light_Stencil.ufont" 994
"E:/AIT Current/Y3T2/Internship-Project/ProjectRamulus/Content/MyContent/Fonts/Butler_Stencil/Butler_Ultra_Light_Stencil_Font.uasset" 995
"E:/AIT Current/Y3T2/Internship-Project/ProjectRamulus/Content/MyContent/Fonts/Butler_Stencil/Butler_Ultra_Light_Stencil_Font.uexp" 996
"E:/AIT Current/Y3T2/Internship-Project/ProjectRamulus/Content/MyContent/Player/Input/IA_QteBottom.uasset" 997
"E:/AIT Current/Y3T2/Internship-Project/ProjectRamulus/Content/MyContent/Player/Input/IA_QteBottom.uexp" 998
"E:/AIT Current/Y3T2/Internship-Project/ProjectRamulus/Content/MyContent/Player/Input/IA_QteLeft.uasset" 999
"E:/AIT Current/Y3T2/Internship-Project/ProjectRamulus/Content/MyContent/Player/Input/IA_QteLeft.uexp" 1000
"E:/AIT Current/Y3T2/Internship-Project/ProjectRamulus/Content/MyContent/Player/Input/IA_QteRight.uasset" 1001
"E:/AIT Current/Y3T2/Internship-Project/ProjectRamulus/Content/MyContent/Player/Input/IA_QteRight.uexp" 1002
"E:/AIT Current/Y3T2/Internship-Project/ProjectRamulus/Content/MyContent/Player/Input/IA_QteTop.uasset" 1003
"E:/AIT Current/Y3T2/Internship-Project/ProjectRamulus/Content/MyContent/Player/Input/IA_QteTop.uexp" 1004
"E:/AIT Current/Y3T2/Internship-Project/ProjectRamulus/Content/MyContent/Player/Input/IA_AnyKey.uasset" 1005
"E:/AIT Current/Y3T2/Internship-Project/ProjectRamulus/Content/MyContent/Player/Input/IA_AnyKey.uexp" 1006
"E:/AIT Current/Y3T2/Internship-Project/ProjectRamulus/Content/MyContent/Player/Input/IA_Gamepad.uasset" 1007
"E:/AIT Current/Y3T2/Internship-Project/ProjectRamulus/Content/MyContent/Player/Input/IA_Gamepad.uexp" 1008
"E:/AIT Current/Y3T2/Internship-Project/ProjectRamulus/Content/MyContent/Player/Input/IA_Mouse.uasset" 1009
"E:/AIT Current/Y3T2/Internship-Project/ProjectRamulus/Content/MyContent/Player/Input/IA_Mouse.uexp" 1010
"E:/AIT Current/Y3T2/Internship-Project/ProjectRamulus/Content/MyContent/Player/Input/IA_Pause.uasset" 1011
"E:/AIT Current/Y3T2/Internship-Project/ProjectRamulus/Content/MyContent/Player/Input/IA_Pause.uexp" 1012
"E:/AIT Current/Y3T2/Internship-Project/ProjectRamulus/Content/MyContent/Player/Input/IMC_Default.uasset" 1013
"E:/AIT Current/Y3T2/Internship-Project/ProjectRamulus/Content/MyContent/Player/Input/IMC_Default.uexp" 1014
"E:/AIT Current/Y3T2/Internship-Project/ProjectRamulus/Content/MyContent/Fonts/Butler/Butler_Bold.uexp" 1015
"E:/AIT Current/Y3T2/Internship-Project/ProjectRamulus/Content/MyContent/Fonts/Butler/Butler_Bold.uasset" 1016
"E:/AIT Current/Y3T2/Internship-Project/ProjectRamulus/Content/MyContent/Fonts/Butler/Butler_Bold.ufont" 1017
"E:/AIT Current/Y3T2/Internship-Project/ProjectRamulus/Content/MyContent/Fonts/Butler/Butler_Bold_Font.uasset" 1018
"E:/AIT Current/Y3T2/Internship-Project/ProjectRamulus/Content/MyContent/Fonts/Butler/Butler_Bold_Font.uexp" 1019
"E:/AIT Current/Y3T2/Internship-Project/ProjectRamulus/Content/MyContent/Menu/BP_UI_PauseMenu.uasset" 1020
"E:/AIT Current/Y3T2/Internship-Project/ProjectRamulus/Content/MyContent/Menu/BP_UI_PauseMenu.uexp" 1021
"E:/AIT Current/Y3T2/Internship-Project/ProjectRamulus/Content/MyContent/Player/BP_PlayerController.uasset" 1022
"E:/AIT Current/Y3T2/Internship-Project/ProjectRamulus/Content/MyContent/Player/BP_PlayerController.uexp" 1023
"E:/AIT Current/Y3T2/Internship-Project/ProjectRamulus/Content/MyContent/Sounds/ChapterPrologue/sword-clashhit-393837.ubulk" 1024
"E:/AIT Current/Y3T2/Internship-Project/ProjectRamulus/Content/MyContent/Sounds/ChapterPrologue/sword-clashhit-393837.uasset" 1025
"E:/AIT Current/Y3T2/Internship-Project/ProjectRamulus/Content/MyContent/Sounds/ChapterPrologue/sword-clashhit-393837.uexp" 1026
"E:/AIT Current/Y3T2/Internship-Project/ProjectRamulus/Content/MyContent/Sounds/ChapterPrologue/sword-clash-241729.ubulk" 1027
"E:/AIT Current/Y3T2/Internship-Project/ProjectRamulus/Content/MyContent/Sounds/ChapterPrologue/sword-clash-241729.uasset" 1028
"E:/AIT Current/Y3T2/Internship-Project/ProjectRamulus/Content/MyContent/Sounds/ChapterPrologue/sword-clash-241729.uexp" 1029
"E:/AIT Current/Y3T2/Internship-Project/ProjectRamulus/Content/MyContent/Sounds/ChapterPrologue/sword-clash-1-6917.ubulk" 1030
"E:/AIT Current/Y3T2/Internship-Project/ProjectRamulus/Content/MyContent/Sounds/ChapterPrologue/sword-clash-1-6917.uasset" 1031
"E:/AIT Current/Y3T2/Internship-Project/ProjectRamulus/Content/MyContent/Sounds/ChapterPrologue/sword-clash-1-6917.uexp" 1032
"E:/AIT Current/Y3T2/Internship-Project/ProjectRamulus/Content/MyContent/Sounds/ChapterPrologue/RandomSwordClash.uasset" 1033
"E:/AIT Current/Y3T2/Internship-Project/ProjectRamulus/Content/MyContent/Sounds/ChapterPrologue/RandomSwordClash.uexp" 1034
"E:/AIT Current/Y3T2/Internship-Project/ProjectRamulus/Content/MyContent/Sounds/ChapterPrologue/violent-sword-slice-393839.ubulk" 1035
"E:/AIT Current/Y3T2/Internship-Project/ProjectRamulus/Content/MyContent/Sounds/ChapterPrologue/violent-sword-slice-393839.uasset" 1036
"E:/AIT Current/Y3T2/Internship-Project/ProjectRamulus/Content/MyContent/Sounds/ChapterPrologue/violent-sword-slice-393839.uexp" 1037
"E:/AIT Current/Y3T2/Internship-Project/ProjectRamulus/Content/MyContent/Sounds/ChapterPrologue/blade-piercing-body-352462.ubulk" 1038
"E:/AIT Current/Y3T2/Internship-Project/ProjectRamulus/Content/MyContent/Sounds/ChapterPrologue/blade-piercing-body-352462.uasset" 1039
"E:/AIT Current/Y3T2/Internship-Project/ProjectRamulus/Content/MyContent/Sounds/ChapterPrologue/blade-piercing-body-352462.uexp" 1040
"E:/AIT Current/Y3T2/Internship-Project/ProjectRamulus/Content/MyContent/Sounds/ChapterPrologue/RandomSwordHit.uasset" 1041
"E:/AIT Current/Y3T2/Internship-Project/ProjectRamulus/Content/MyContent/Sounds/ChapterPrologue/RandomSwordHit.uexp" 1042
"E:/AIT Current/Y3T2/Internship-Project/ProjectRamulus/Content/MyContent/Widgets/MiniGames/PrologueMinigame/WB_LegionMinigame.uasset" 1043
"E:/AIT Current/Y3T2/Internship-Project/ProjectRamulus/Content/MyContent/Widgets/MiniGames/PrologueMinigame/WB_LegionMinigame.uexp" 1044
"../../../Engine/Content/EditorSounds/Notifications/CompileSuccess.ubulk" 1045
"../../../Engine/Content/EditorSounds/Notifications/CompileSuccess.uasset" 1046
"../../../Engine/Content/EditorSounds/Notifications/CompileSuccess.uexp" 1047
"E:/AIT Current/Y3T2/Internship-Project/ProjectRamulus/Content/MyContent/Fonts/Butler_Bold_Stencil.uexp" 1048
"E:/AIT Current/Y3T2/Internship-Project/ProjectRamulus/Content/MyContent/Fonts/Butler_Bold_Stencil.uasset" 1049
"E:/AIT Current/Y3T2/Internship-Project/ProjectRamulus/Content/MyContent/Fonts/Butler_Bold_Stencil.ufont" 1050
"E:/AIT Current/Y3T2/Internship-Project/ProjectRamulus/Content/MyContent/Fonts/Butler_Bold_Stencil_Font.uasset" 1051
"E:/AIT Current/Y3T2/Internship-Project/ProjectRamulus/Content/MyContent/Fonts/Butler_Bold_Stencil_Font.uexp" 1052
"E:/AIT Current/Y3T2/Internship-Project/ProjectRamulus/Content/MyContent/Fonts/Butler_Regular_Stencil.uexp" 1053
"E:/AIT Current/Y3T2/Internship-Project/ProjectRamulus/Content/MyContent/Fonts/Butler_Regular_Stencil.uasset" 1054
"E:/AIT Current/Y3T2/Internship-Project/ProjectRamulus/Content/MyContent/Fonts/Butler_Regular_Stencil.ufont" 1055
"E:/AIT Current/Y3T2/Internship-Project/ProjectRamulus/Content/MyContent/Fonts/Butler_Regular_Stencil_Font.uasset" 1056
"E:/AIT Current/Y3T2/Internship-Project/ProjectRamulus/Content/MyContent/Fonts/Butler_Regular_Stencil_Font.uexp" 1057
"E:/AIT Current/Y3T2/Internship-Project/ProjectRamulus/Content/MyContent/Fonts/Butler_Ultra_Light_Stencil.uexp" 1058
"E:/AIT Current/Y3T2/Internship-Project/ProjectRamulus/Content/MyContent/Fonts/Butler_Ultra_Light_Stencil.uasset" 1059
"E:/AIT Current/Y3T2/Internship-Project/ProjectRamulus/Content/MyContent/Fonts/Butler_Ultra_Light_Stencil.ufont" 1060
"E:/AIT Current/Y3T2/Internship-Project/ProjectRamulus/Content/MyContent/Fonts/Butler_Ultra_Light_Stencil_Font.uasset" 1061
"E:/AIT Current/Y3T2/Internship-Project/ProjectRamulus/Content/MyContent/Fonts/Butler_Ultra_Light_Stencil_Font.uexp" 1062
"E:/AIT Current/Y3T2/Internship-Project/ProjectRamulus/Content/MyContent/Images/UI/ArrowDown.uasset" 1063
"E:/AIT Current/Y3T2/Internship-Project/ProjectRamulus/Content/MyContent/Images/UI/ArrowDown.uexp" 1064
"E:/AIT Current/Y3T2/Internship-Project/ProjectRamulus/Content/MyContent/Images/UI/ArrowLeft.uasset" 1065
"E:/AIT Current/Y3T2/Internship-Project/ProjectRamulus/Content/MyContent/Images/UI/ArrowLeft.uexp" 1066
"E:/AIT Current/Y3T2/Internship-Project/ProjectRamulus/Content/MyContent/Images/UI/ArrowUp.uasset" 1067
"E:/AIT Current/Y3T2/Internship-Project/ProjectRamulus/Content/MyContent/Images/UI/ArrowUp.uexp" 1068
"E:/AIT Current/Y3T2/Internship-Project/ProjectRamulus/Content/MyContent/Images/UI/UnrealButton.uasset" 1069
"E:/AIT Current/Y3T2/Internship-Project/ProjectRamulus/Content/MyContent/Images/UI/UnrealButton.uexp" 1070
"E:/AIT Current/Y3T2/Internship-Project/ProjectRamulus/Content/MyContent/Sounds/Chapter5/monster-bite-44538.ubulk" 1071
"E:/AIT Current/Y3T2/Internship-Project/ProjectRamulus/Content/MyContent/Sounds/Chapter5/monster-bite-44538.uasset" 1072
"E:/AIT Current/Y3T2/Internship-Project/ProjectRamulus/Content/MyContent/Sounds/Chapter5/monster-bite-44538.uexp" 1073
"E:/AIT Current/Y3T2/Internship-Project/ProjectRamulus/Content/MyContent/Sounds/Chapter5/swish1.ubulk" 1074
"E:/AIT Current/Y3T2/Internship-Project/ProjectRamulus/Content/MyContent/Sounds/Chapter5/swish1.uasset" 1075
"E:/AIT Current/Y3T2/Internship-Project/ProjectRamulus/Content/MyContent/Sounds/Chapter5/swish1.uexp" 1076
"E:/AIT Current/Y3T2/Internship-Project/ProjectRamulus/Content/MyContent/Widgets/MiniGames/Chapter5Minigame/WB_CodeMinigame_Chapter5.uasset" 1077
"E:/AIT Current/Y3T2/Internship-Project/ProjectRamulus/Content/MyContent/Widgets/MiniGames/Chapter5Minigame/WB_CodeMinigame_Chapter5.uexp" 1078
"E:/AIT Current/Y3T2/Internship-Project/ProjectRamulus/Content/MyContent/Widgets/MiniGames/Chapter4Minigame/CartMinigame.uasset" 1079
"E:/AIT Current/Y3T2/Internship-Project/ProjectRamulus/Content/MyContent/Widgets/MiniGames/Chapter4Minigame/CartMinigame.uexp" 1080
"E:/AIT Current/Y3T2/Internship-Project/ProjectRamulus/Content/MyContent/Sounds/Chapter5/438350__craigsmith__g27-04-wood-pulley-creak.ubulk" 1081
"E:/AIT Current/Y3T2/Internship-Project/ProjectRamulus/Content/MyContent/Sounds/Chapter5/438350__craigsmith__g27-04-wood-pulley-creak.uasset" 1082
"E:/AIT Current/Y3T2/Internship-Project/ProjectRamulus/Content/MyContent/Sounds/Chapter5/438350__craigsmith__g27-04-wood-pulley-creak.uexp" 1083
"E:/AIT Current/Y3T2/Internship-Project/ProjectRamulus/Content/MyContent/Widgets/MiniGames/Chapter4Minigame/WB_FallingCartMinigame.uasset" 1084
"E:/AIT Current/Y3T2/Internship-Project/ProjectRamulus/Content/MyContent/Widgets/MiniGames/Chapter4Minigame/WB_FallingCartMinigame.uexp" 1085
"E:/AIT Current/Y3T2/Internship-Project/ProjectRamulus/Content/MyContent/Widgets/MiniGames/Chapter3Minigame/EnergyBarFull.uasset" 1086
"E:/AIT Current/Y3T2/Internship-Project/ProjectRamulus/Content/MyContent/Widgets/MiniGames/Chapter3Minigame/EnergyBarFull.uexp" 1087
"E:/AIT Current/Y3T2/Internship-Project/ProjectRamulus/Content/MyContent/Widgets/MiniGames/Chapter3Minigame/EnergyBarEmpty.uasset" 1088
"E:/AIT Current/Y3T2/Internship-Project/ProjectRamulus/Content/MyContent/Widgets/MiniGames/Chapter3Minigame/EnergyBarEmpty.uexp" 1089
"E:/AIT Current/Y3T2/Internship-Project/ProjectRamulus/Content/MyContent/Fonts/Butler_ExtraBold_Stencil.uexp" 1090
"E:/AIT Current/Y3T2/Internship-Project/ProjectRamulus/Content/MyContent/Fonts/Butler_ExtraBold_Stencil.uasset" 1091
"E:/AIT Current/Y3T2/Internship-Project/ProjectRamulus/Content/MyContent/Fonts/Butler_ExtraBold_Stencil.ufont" 1092
"E:/AIT Current/Y3T2/Internship-Project/ProjectRamulus/Content/MyContent/Fonts/Butler_ExtraBold_Stencil_Font.uasset" 1093
"E:/AIT Current/Y3T2/Internship-Project/ProjectRamulus/Content/MyContent/Fonts/Butler_ExtraBold_Stencil_Font.uexp" 1094
"E:/AIT Current/Y3T2/Internship-Project/ProjectRamulus/Content/MyContent/Sounds/Chapter3/supernatural-explosion-104295.ubulk" 1095
"E:/AIT Current/Y3T2/Internship-Project/ProjectRamulus/Content/MyContent/Sounds/Chapter3/supernatural-explosion-104295.uasset" 1096
"E:/AIT Current/Y3T2/Internship-Project/ProjectRamulus/Content/MyContent/Sounds/Chapter3/supernatural-explosion-104295.uexp" 1097
"E:/AIT Current/Y3T2/Internship-Project/ProjectRamulus/Content/MyContent/Widgets/MiniGames/Chapter3Minigame/WB_OrielEscapeMinigame.uasset" 1098
"E:/AIT Current/Y3T2/Internship-Project/ProjectRamulus/Content/MyContent/Widgets/MiniGames/Chapter3Minigame/WB_OrielEscapeMinigame.uexp" 1099
"E:/AIT Current/Y3T2/Internship-Project/ProjectRamulus/Content/MyContent/Widgets/MiniGames/Chapter2Minigame/SherrifStarFill.uasset" 1100
"E:/AIT Current/Y3T2/Internship-Project/ProjectRamulus/Content/MyContent/Widgets/MiniGames/Chapter2Minigame/SherrifStarFill.uexp" 1101
"E:/AIT Current/Y3T2/Internship-Project/ProjectRamulus/Content/MyContent/Widgets/MiniGames/Chapter2Minigame/SherrifStar.uasset" 1102
"E:/AIT Current/Y3T2/Internship-Project/ProjectRamulus/Content/MyContent/Widgets/MiniGames/Chapter2Minigame/SherrifStar.uexp" 1103
"E:/AIT Current/Y3T2/Internship-Project/ProjectRamulus/Content/MyContent/Fonts/Butler/Butler_Ultra_Light.uexp" 1104
"E:/AIT Current/Y3T2/Internship-Project/ProjectRamulus/Content/MyContent/Fonts/Butler/Butler_Ultra_Light.uasset" 1105
"E:/AIT Current/Y3T2/Internship-Project/ProjectRamulus/Content/MyContent/Fonts/Butler/Butler_Ultra_Light.ufont" 1106
"E:/AIT Current/Y3T2/Internship-Project/ProjectRamulus/Content/MyContent/Fonts/Butler/Butler_Ultra_Light_Font.uasset" 1107
"E:/AIT Current/Y3T2/Internship-Project/ProjectRamulus/Content/MyContent/Fonts/Butler/Butler_Ultra_Light_Font.uexp" 1108
"E:/AIT Current/Y3T2/Internship-Project/ProjectRamulus/Content/MyContent/Fonts/Butler_Black.uexp" 1109
"E:/AIT Current/Y3T2/Internship-Project/ProjectRamulus/Content/MyContent/Fonts/Butler_Black.uasset" 1110
"E:/AIT Current/Y3T2/Internship-Project/ProjectRamulus/Content/MyContent/Fonts/Butler_Black.ufont" 1111
"E:/AIT Current/Y3T2/Internship-Project/ProjectRamulus/Content/MyContent/Fonts/Butler_Black_Font.uasset" 1112
"E:/AIT Current/Y3T2/Internship-Project/ProjectRamulus/Content/MyContent/Fonts/Butler_Black_Font.uexp" 1113
"E:/AIT Current/Y3T2/Internship-Project/ProjectRamulus/Content/MyContent/Widgets/MiniGames/Chapter2Minigame/WB_SherrifMinigame.uasset" 1114
"E:/AIT Current/Y3T2/Internship-Project/ProjectRamulus/Content/MyContent/Widgets/MiniGames/Chapter2Minigame/WB_SherrifMinigame.uexp" 1115
"E:/AIT Current/Y3T2/Internship-Project/ProjectRamulus/Content/MyContent/Widgets/MiniGames/Chapter1Minigame/pngtree-white-background-with-isolated-round-hay-bale-png-image_13276886.uasset" 1116
"E:/AIT Current/Y3T2/Internship-Project/ProjectRamulus/Content/MyContent/Widgets/MiniGames/Chapter1Minigame/pngtree-white-background-with-isolated-round-hay-bale-png-image_13276886.uexp" 1117
"E:/AIT Current/Y3T2/Internship-Project/ProjectRamulus/Content/MyContent/Widgets/MiniGames/Chapter1Minigame/pngtree-pitchfork-shot-over-white-background-isolated-png-image_10937780.uasset" 1118
"E:/AIT Current/Y3T2/Internship-Project/ProjectRamulus/Content/MyContent/Widgets/MiniGames/Chapter1Minigame/pngtree-pitchfork-shot-over-white-background-isolated-png-image_10937780.uexp" 1119
"E:/AIT Current/Y3T2/Internship-Project/ProjectRamulus/Content/MyContent/Widgets/MiniGames/Chapter1Minigame/pngtree-farm-sickle-icon-flat-vector-png-image_4606464.uasset" 1120
"E:/AIT Current/Y3T2/Internship-Project/ProjectRamulus/Content/MyContent/Widgets/MiniGames/Chapter1Minigame/pngtree-farm-sickle-icon-flat-vector-png-image_4606464.uexp" 1121
"E:/AIT Current/Y3T2/Internship-Project/ProjectRamulus/Content/MyContent/Sounds/Chapter1/269298__kwahmah_02__swoosh31.ubulk" 1122
"E:/AIT Current/Y3T2/Internship-Project/ProjectRamulus/Content/MyContent/Sounds/Chapter1/269298__kwahmah_02__swoosh31.uasset" 1123
"E:/AIT Current/Y3T2/Internship-Project/ProjectRamulus/Content/MyContent/Sounds/Chapter1/269298__kwahmah_02__swoosh31.uexp" 1124
"E:/AIT Current/Y3T2/Internship-Project/ProjectRamulus/Content/MyContent/Sounds/Chapter1/haybayleRustle.ubulk" 1125
"E:/AIT Current/Y3T2/Internship-Project/ProjectRamulus/Content/MyContent/Sounds/Chapter1/haybayleRustle.uasset" 1126
"E:/AIT Current/Y3T2/Internship-Project/ProjectRamulus/Content/MyContent/Sounds/Chapter1/haybayleRustle.uexp" 1127
"E:/AIT Current/Y3T2/Internship-Project/ProjectRamulus/Content/MyContent/Sounds/Chapter1/pitchfork.ubulk" 1128
"E:/AIT Current/Y3T2/Internship-Project/ProjectRamulus/Content/MyContent/Sounds/Chapter1/pitchfork.uasset" 1129
"E:/AIT Current/Y3T2/Internship-Project/ProjectRamulus/Content/MyContent/Sounds/Chapter1/pitchfork.uexp" 1130
"E:/AIT Current/Y3T2/Internship-Project/ProjectRamulus/Content/MyContent/Widgets/MiniGames/Chapter1Minigame/WB_CH1_Minigame.uasset" 1131
"E:/AIT Current/Y3T2/Internship-Project/ProjectRamulus/Content/MyContent/Widgets/MiniGames/Chapter1Minigame/WB_CH1_Minigame.uexp" 1132
"E:/AIT Current/Y3T2/Internship-Project/ProjectRamulus/Content/MyContent/Sounds/Chapter5/dog-snarl-self-made-105738.ubulk" 1133
"E:/AIT Current/Y3T2/Internship-Project/ProjectRamulus/Content/MyContent/Sounds/Chapter5/dog-snarl-self-made-105738.uasset" 1134
"E:/AIT Current/Y3T2/Internship-Project/ProjectRamulus/Content/MyContent/Sounds/Chapter5/dog-snarl-self-made-105738.uexp" 1135
"E:/AIT Current/Y3T2/Internship-Project/ProjectRamulus/Content/MyContent/Sounds/Chapter5/CrowdGasp.ubulk" 1136
"E:/AIT Current/Y3T2/Internship-Project/ProjectRamulus/Content/MyContent/Sounds/Chapter5/CrowdGasp.uasset" 1137
"E:/AIT Current/Y3T2/Internship-Project/ProjectRamulus/Content/MyContent/Sounds/Chapter5/CrowdGasp.uexp" 1138
"E:/AIT Current/Y3T2/Internship-Project/ProjectRamulus/Content/MyContent/Sounds/Chapter3/sci-fi-weapon-charging-01-96645.ubulk" 1139
"E:/AIT Current/Y3T2/Internship-Project/ProjectRamulus/Content/MyContent/Sounds/Chapter3/sci-fi-weapon-charging-01-96645.uasset" 1140
"E:/AIT Current/Y3T2/Internship-Project/ProjectRamulus/Content/MyContent/Sounds/Chapter3/sci-fi-weapon-charging-01-96645.uexp" 1141
"E:/AIT Current/Y3T2/Internship-Project/ProjectRamulus/Content/MyContent/Sounds/Character/woman-sigh-101931.ubulk" 1142
"E:/AIT Current/Y3T2/Internship-Project/ProjectRamulus/Content/MyContent/Sounds/Character/woman-sigh-101931.uasset" 1143
"E:/AIT Current/Y3T2/Internship-Project/ProjectRamulus/Content/MyContent/Sounds/Character/woman-sigh-101931.uexp" 1144
"E:/AIT Current/Y3T2/Internship-Project/ProjectRamulus/Content/MyContent/Sounds/Character/Warlord.ubulk" 1145
"E:/AIT Current/Y3T2/Internship-Project/ProjectRamulus/Content/MyContent/Sounds/Character/Warlord.uasset" 1146
"E:/AIT Current/Y3T2/Internship-Project/ProjectRamulus/Content/MyContent/Sounds/Character/Warlord.uexp" 1147
"E:/AIT Current/Y3T2/Internship-Project/ProjectRamulus/Content/MyContent/Sounds/Character/thomaslaugh.ubulk" 1148
"E:/AIT Current/Y3T2/Internship-Project/ProjectRamulus/Content/MyContent/Sounds/Character/thomaslaugh.uasset" 1149
"E:/AIT Current/Y3T2/Internship-Project/ProjectRamulus/Content/MyContent/Sounds/Character/thomaslaugh.uexp" 1150
"E:/AIT Current/Y3T2/Internship-Project/ProjectRamulus/Content/MyContent/Sounds/Character/Sympathetic_man.ubulk" 1151
"E:/AIT Current/Y3T2/Internship-Project/ProjectRamulus/Content/MyContent/Sounds/Character/Sympathetic_man.uasset" 1152
"E:/AIT Current/Y3T2/Internship-Project/ProjectRamulus/Content/MyContent/Sounds/Character/Sympathetic_man.uexp" 1153
"E:/AIT Current/Y3T2/Internship-Project/ProjectRamulus/Content/MyContent/Sounds/Character/ShopkeeperMoreGoblin.ubulk" 1154
"E:/AIT Current/Y3T2/Internship-Project/ProjectRamulus/Content/MyContent/Sounds/Character/ShopkeeperMoreGoblin.uasset" 1155
"E:/AIT Current/Y3T2/Internship-Project/ProjectRamulus/Content/MyContent/Sounds/Character/ShopkeeperMoreGoblin.uexp" 1156
"E:/AIT Current/Y3T2/Internship-Project/ProjectRamulus/Content/MyContent/Sounds/Character/ShopkeeperLaugh.ubulk" 1157
"E:/AIT Current/Y3T2/Internship-Project/ProjectRamulus/Content/MyContent/Sounds/Character/ShopkeeperLaugh.uasset" 1158
"E:/AIT Current/Y3T2/Internship-Project/ProjectRamulus/Content/MyContent/Sounds/Character/ShopkeeperLaugh.uexp" 1159
"E:/AIT Current/Y3T2/Internship-Project/ProjectRamulus/Content/MyContent/Sounds/Character/ShopKeeperGoblin.ubulk" 1160
"E:/AIT Current/Y3T2/Internship-Project/ProjectRamulus/Content/MyContent/Sounds/Character/ShopKeeperGoblin.uasset" 1161
"E:/AIT Current/Y3T2/Internship-Project/ProjectRamulus/Content/MyContent/Sounds/Character/ShopKeeperGoblin.uexp" 1162
"E:/AIT Current/Y3T2/Internship-Project/ProjectRamulus/Content/MyContent/Sounds/Character/Sherrif7.ubulk" 1163
"E:/AIT Current/Y3T2/Internship-Project/ProjectRamulus/Content/MyContent/Sounds/Character/Sherrif7.uasset" 1164
"E:/AIT Current/Y3T2/Internship-Project/ProjectRamulus/Content/MyContent/Sounds/Character/Sherrif7.uexp" 1165
"E:/AIT Current/Y3T2/Internship-Project/ProjectRamulus/Content/MyContent/Sounds/Character/Sherrif6.ubulk" 1166
"E:/AIT Current/Y3T2/Internship-Project/ProjectRamulus/Content/MyContent/Sounds/Character/Sherrif6.uasset" 1167
"E:/AIT Current/Y3T2/Internship-Project/ProjectRamulus/Content/MyContent/Sounds/Character/Sherrif6.uexp" 1168
"E:/AIT Current/Y3T2/Internship-Project/ProjectRamulus/Content/MyContent/Sounds/Character/Sherrif5.ubulk" 1169
"E:/AIT Current/Y3T2/Internship-Project/ProjectRamulus/Content/MyContent/Sounds/Character/Sherrif5.uasset" 1170
"E:/AIT Current/Y3T2/Internship-Project/ProjectRamulus/Content/MyContent/Sounds/Character/Sherrif5.uexp" 1171
"E:/AIT Current/Y3T2/Internship-Project/ProjectRamulus/Content/MyContent/Sounds/Character/Sherrif4.ubulk" 1172
"E:/AIT Current/Y3T2/Internship-Project/ProjectRamulus/Content/MyContent/Sounds/Character/Sherrif4.uasset" 1173
"E:/AIT Current/Y3T2/Internship-Project/ProjectRamulus/Content/MyContent/Sounds/Character/Sherrif4.uexp" 1174
"E:/AIT Current/Y3T2/Internship-Project/ProjectRamulus/Content/MyContent/Sounds/Character/Sherrif3.ubulk" 1175
"E:/AIT Current/Y3T2/Internship-Project/ProjectRamulus/Content/MyContent/Sounds/Character/Sherrif3.uasset" 1176
"E:/AIT Current/Y3T2/Internship-Project/ProjectRamulus/Content/MyContent/Sounds/Character/Sherrif3.uexp" 1177
"E:/AIT Current/Y3T2/Internship-Project/ProjectRamulus/Content/MyContent/Sounds/Character/Sherrif2.ubulk" 1178
"E:/AIT Current/Y3T2/Internship-Project/ProjectRamulus/Content/MyContent/Sounds/Character/Sherrif2.uasset" 1179
"E:/AIT Current/Y3T2/Internship-Project/ProjectRamulus/Content/MyContent/Sounds/Character/Sherrif2.uexp" 1180
"E:/AIT Current/Y3T2/Internship-Project/ProjectRamulus/Content/MyContent/Sounds/Character/Remus5.ubulk" 1181
"E:/AIT Current/Y3T2/Internship-Project/ProjectRamulus/Content/MyContent/Sounds/Character/Remus5.uasset" 1182
"E:/AIT Current/Y3T2/Internship-Project/ProjectRamulus/Content/MyContent/Sounds/Character/Remus5.uexp" 1183
"E:/AIT Current/Y3T2/Internship-Project/ProjectRamulus/Content/MyContent/Sounds/Character/Remus4.ubulk" 1184
"E:/AIT Current/Y3T2/Internship-Project/ProjectRamulus/Content/MyContent/Sounds/Character/Remus4.uasset" 1185
"E:/AIT Current/Y3T2/Internship-Project/ProjectRamulus/Content/MyContent/Sounds/Character/Remus4.uexp" 1186
"E:/AIT Current/Y3T2/Internship-Project/ProjectRamulus/Content/MyContent/Sounds/Character/Remus3.ubulk" 1187
"E:/AIT Current/Y3T2/Internship-Project/ProjectRamulus/Content/MyContent/Sounds/Character/Remus3.uasset" 1188
"E:/AIT Current/Y3T2/Internship-Project/ProjectRamulus/Content/MyContent/Sounds/Character/Remus3.uexp" 1189
"E:/AIT Current/Y3T2/Internship-Project/ProjectRamulus/Content/MyContent/Sounds/Character/Remus2.ubulk" 1190
"E:/AIT Current/Y3T2/Internship-Project/ProjectRamulus/Content/MyContent/Sounds/Character/Remus2.uasset" 1191
"E:/AIT Current/Y3T2/Internship-Project/ProjectRamulus/Content/MyContent/Sounds/Character/Remus2.uexp" 1192
"E:/AIT Current/Y3T2/Internship-Project/ProjectRamulus/Content/MyContent/Sounds/Character/Remus1.ubulk" 1193
"E:/AIT Current/Y3T2/Internship-Project/ProjectRamulus/Content/MyContent/Sounds/Character/Remus1.uasset" 1194
"E:/AIT Current/Y3T2/Internship-Project/ProjectRamulus/Content/MyContent/Sounds/Character/Remus1.uexp" 1195
"E:/AIT Current/Y3T2/Internship-Project/ProjectRamulus/Content/MyContent/Sounds/Character/Redemption.ubulk" 1196
"E:/AIT Current/Y3T2/Internship-Project/ProjectRamulus/Content/MyContent/Sounds/Character/Redemption.uasset" 1197
"E:/AIT Current/Y3T2/Internship-Project/ProjectRamulus/Content/MyContent/Sounds/Character/Redemption.uexp" 1198
"E:/AIT Current/Y3T2/Internship-Project/ProjectRamulus/Content/MyContent/Sounds/Character/Peter6.ubulk" 1199
"E:/AIT Current/Y3T2/Internship-Project/ProjectRamulus/Content/MyContent/Sounds/Character/Peter6.uasset" 1200
"E:/AIT Current/Y3T2/Internship-Project/ProjectRamulus/Content/MyContent/Sounds/Character/Peter6.uexp" 1201
"E:/AIT Current/Y3T2/Internship-Project/ProjectRamulus/Content/MyContent/Sounds/Character/Peter4.ubulk" 1202
"E:/AIT Current/Y3T2/Internship-Project/ProjectRamulus/Content/MyContent/Sounds/Character/Peter4.uasset" 1203
"E:/AIT Current/Y3T2/Internship-Project/ProjectRamulus/Content/MyContent/Sounds/Character/Peter4.uexp" 1204
"E:/AIT Current/Y3T2/Internship-Project/ProjectRamulus/Content/MyContent/Sounds/Character/Peter3.ubulk" 1205
"E:/AIT Current/Y3T2/Internship-Project/ProjectRamulus/Content/MyContent/Sounds/Character/Peter3.uasset" 1206
"E:/AIT Current/Y3T2/Internship-Project/ProjectRamulus/Content/MyContent/Sounds/Character/Peter3.uexp" 1207
"E:/AIT Current/Y3T2/Internship-Project/ProjectRamulus/Content/MyContent/Sounds/Character/Peter2.ubulk" 1208
"E:/AIT Current/Y3T2/Internship-Project/ProjectRamulus/Content/MyContent/Sounds/Character/Peter2.uasset" 1209
"E:/AIT Current/Y3T2/Internship-Project/ProjectRamulus/Content/MyContent/Sounds/Character/Peter2.uexp" 1210
"E:/AIT Current/Y3T2/Internship-Project/ProjectRamulus/Content/MyContent/Sounds/Character/Peter1.ubulk" 1211
"E:/AIT Current/Y3T2/Internship-Project/ProjectRamulus/Content/MyContent/Sounds/Character/Peter1.uasset" 1212
"E:/AIT Current/Y3T2/Internship-Project/ProjectRamulus/Content/MyContent/Sounds/Character/Peter1.uexp" 1213
"E:/AIT Current/Y3T2/Internship-Project/ProjectRamulus/Content/MyContent/Sounds/Character/OrielHum8.ubulk" 1214
"E:/AIT Current/Y3T2/Internship-Project/ProjectRamulus/Content/MyContent/Sounds/Character/OrielHum8.uasset" 1215
"E:/AIT Current/Y3T2/Internship-Project/ProjectRamulus/Content/MyContent/Sounds/Character/OrielHum8.uexp" 1216
"E:/AIT Current/Y3T2/Internship-Project/ProjectRamulus/Content/MyContent/Sounds/Character/OrielHum7.ubulk" 1217
"E:/AIT Current/Y3T2/Internship-Project/ProjectRamulus/Content/MyContent/Sounds/Character/OrielHum7.uasset" 1218
"E:/AIT Current/Y3T2/Internship-Project/ProjectRamulus/Content/MyContent/Sounds/Character/OrielHum7.uexp" 1219
"E:/AIT Current/Y3T2/Internship-Project/ProjectRamulus/Content/MyContent/Sounds/Character/OrielHum6.ubulk" 1220
"E:/AIT Current/Y3T2/Internship-Project/ProjectRamulus/Content/MyContent/Sounds/Character/OrielHum6.uasset" 1221
"E:/AIT Current/Y3T2/Internship-Project/ProjectRamulus/Content/MyContent/Sounds/Character/OrielHum6.uexp" 1222
"E:/AIT Current/Y3T2/Internship-Project/ProjectRamulus/Content/MyContent/Sounds/Character/OrielHum4.ubulk" 1223
"E:/AIT Current/Y3T2/Internship-Project/ProjectRamulus/Content/MyContent/Sounds/Character/OrielHum4.uasset" 1224
"E:/AIT Current/Y3T2/Internship-Project/ProjectRamulus/Content/MyContent/Sounds/Character/OrielHum4.uexp" 1225
"E:/AIT Current/Y3T2/Internship-Project/ProjectRamulus/Content/MyContent/Sounds/Character/OrielHum3.ubulk" 1226
"E:/AIT Current/Y3T2/Internship-Project/ProjectRamulus/Content/MyContent/Sounds/Character/OrielHum3.uasset" 1227
"E:/AIT Current/Y3T2/Internship-Project/ProjectRamulus/Content/MyContent/Sounds/Character/OrielHum3.uexp" 1228
"E:/AIT Current/Y3T2/Internship-Project/ProjectRamulus/Content/MyContent/Sounds/Character/OrielHum2.ubulk" 1229
"E:/AIT Current/Y3T2/Internship-Project/ProjectRamulus/Content/MyContent/Sounds/Character/OrielHum2.uasset" 1230
"E:/AIT Current/Y3T2/Internship-Project/ProjectRamulus/Content/MyContent/Sounds/Character/OrielHum2.uexp" 1231
"E:/AIT Current/Y3T2/Internship-Project/ProjectRamulus/Content/MyContent/Sounds/Character/OrielHum.ubulk" 1232
"E:/AIT Current/Y3T2/Internship-Project/ProjectRamulus/Content/MyContent/Sounds/Character/OrielHum.uasset" 1233
"E:/AIT Current/Y3T2/Internship-Project/ProjectRamulus/Content/MyContent/Sounds/Character/OrielHum.uexp" 1234
"E:/AIT Current/Y3T2/Internship-Project/ProjectRamulus/Content/MyContent/Sounds/Character/mischievous-laugh-398655.ubulk" 1235
"E:/AIT Current/Y3T2/Internship-Project/ProjectRamulus/Content/MyContent/Sounds/Character/mischievous-laugh-398655.uasset" 1236
"E:/AIT Current/Y3T2/Internship-Project/ProjectRamulus/Content/MyContent/Sounds/Character/mischievous-laugh-398655.uexp" 1237
"E:/AIT Current/Y3T2/Internship-Project/ProjectRamulus/Content/MyContent/Sounds/Character/Kate2.ubulk" 1238
"E:/AIT Current/Y3T2/Internship-Project/ProjectRamulus/Content/MyContent/Sounds/Character/Kate2.uasset" 1239
"E:/AIT Current/Y3T2/Internship-Project/ProjectRamulus/Content/MyContent/Sounds/Character/Kate2.uexp" 1240
"E:/AIT Current/Y3T2/Internship-Project/ProjectRamulus/Content/MyContent/Sounds/Character/Kate1.ubulk" 1241
"E:/AIT Current/Y3T2/Internship-Project/ProjectRamulus/Content/MyContent/Sounds/Character/Kate1.uasset" 1242
"E:/AIT Current/Y3T2/Internship-Project/ProjectRamulus/Content/MyContent/Sounds/Character/Kate1.uexp" 1243
"E:/AIT Current/Y3T2/Internship-Project/ProjectRamulus/Content/MyContent/Sounds/Character/Jacqueline6.ubulk" 1244
"E:/AIT Current/Y3T2/Internship-Project/ProjectRamulus/Content/MyContent/Sounds/Character/Jacqueline6.uasset" 1245
"E:/AIT Current/Y3T2/Internship-Project/ProjectRamulus/Content/MyContent/Sounds/Character/Jacqueline6.uexp" 1246
"E:/AIT Current/Y3T2/Internship-Project/ProjectRamulus/Content/MyContent/Sounds/Character/Jacqueline4.ubulk" 1247
"E:/AIT Current/Y3T2/Internship-Project/ProjectRamulus/Content/MyContent/Sounds/Character/Jacqueline4.uasset" 1248
"E:/AIT Current/Y3T2/Internship-Project/ProjectRamulus/Content/MyContent/Sounds/Character/Jacqueline4.uexp" 1249
"E:/AIT Current/Y3T2/Internship-Project/ProjectRamulus/Content/MyContent/Sounds/Character/Jacqueline3.ubulk" 1250
"E:/AIT Current/Y3T2/Internship-Project/ProjectRamulus/Content/MyContent/Sounds/Character/Jacqueline3.uasset" 1251
"E:/AIT Current/Y3T2/Internship-Project/ProjectRamulus/Content/MyContent/Sounds/Character/Jacqueline3.uexp" 1252
"E:/AIT Current/Y3T2/Internship-Project/ProjectRamulus/Content/MyContent/Sounds/Character/Jacqueline2.ubulk" 1253
"E:/AIT Current/Y3T2/Internship-Project/ProjectRamulus/Content/MyContent/Sounds/Character/Jacqueline2.uasset" 1254
"E:/AIT Current/Y3T2/Internship-Project/ProjectRamulus/Content/MyContent/Sounds/Character/Jacqueline2.uexp" 1255
"E:/AIT Current/Y3T2/Internship-Project/ProjectRamulus/Content/MyContent/Sounds/Character/Jacqueline1.ubulk" 1256
"E:/AIT Current/Y3T2/Internship-Project/ProjectRamulus/Content/MyContent/Sounds/Character/Jacqueline1.uasset" 1257
"E:/AIT Current/Y3T2/Internship-Project/ProjectRamulus/Content/MyContent/Sounds/Character/Jacqueline1.uexp" 1258
"E:/AIT Current/Y3T2/Internship-Project/ProjectRamulus/Content/MyContent/Sounds/Character/Humph.ubulk" 1259
"E:/AIT Current/Y3T2/Internship-Project/ProjectRamulus/Content/MyContent/Sounds/Character/Humph.uasset" 1260
"E:/AIT Current/Y3T2/Internship-Project/ProjectRamulus/Content/MyContent/Sounds/Character/Humph.uexp" 1261
"E:/AIT Current/Y3T2/Internship-Project/ProjectRamulus/Content/MyContent/Sounds/Character/hum5.ubulk" 1262
"E:/AIT Current/Y3T2/Internship-Project/ProjectRamulus/Content/MyContent/Sounds/Character/hum5.uasset" 1263
"E:/AIT Current/Y3T2/Internship-Project/ProjectRamulus/Content/MyContent/Sounds/Character/hum5.uexp" 1264
"E:/AIT Current/Y3T2/Internship-Project/ProjectRamulus/Content/MyContent/Sounds/Character/Hum4.ubulk" 1265
"E:/AIT Current/Y3T2/Internship-Project/ProjectRamulus/Content/MyContent/Sounds/Character/Hum4.uasset" 1266
"E:/AIT Current/Y3T2/Internship-Project/ProjectRamulus/Content/MyContent/Sounds/Character/Hum4.uexp" 1267
"E:/AIT Current/Y3T2/Internship-Project/ProjectRamulus/Content/MyContent/Sounds/Character/Hum3.ubulk" 1268
"E:/AIT Current/Y3T2/Internship-Project/ProjectRamulus/Content/MyContent/Sounds/Character/Hum3.uasset" 1269
"E:/AIT Current/Y3T2/Internship-Project/ProjectRamulus/Content/MyContent/Sounds/Character/Hum3.uexp" 1270
"E:/AIT Current/Y3T2/Internship-Project/ProjectRamulus/Content/MyContent/Sounds/Character/Hum2.ubulk" 1271
"E:/AIT Current/Y3T2/Internship-Project/ProjectRamulus/Content/MyContent/Sounds/Character/Hum2.uasset" 1272
"E:/AIT Current/Y3T2/Internship-Project/ProjectRamulus/Content/MyContent/Sounds/Character/Hum2.uexp" 1273
"E:/AIT Current/Y3T2/Internship-Project/ProjectRamulus/Content/MyContent/Sounds/Character/Hmmm.ubulk" 1274
"E:/AIT Current/Y3T2/Internship-Project/ProjectRamulus/Content/MyContent/Sounds/Character/Hmmm.uasset" 1275
"E:/AIT Current/Y3T2/Internship-Project/ProjectRamulus/Content/MyContent/Sounds/Character/Hmmm.uexp" 1276
"E:/AIT Current/Y3T2/Internship-Project/ProjectRamulus/Content/MyContent/Sounds/Character/GraceSquel.ubulk" 1277
"E:/AIT Current/Y3T2/Internship-Project/ProjectRamulus/Content/MyContent/Sounds/Character/GraceSquel.uasset" 1278
"E:/AIT Current/Y3T2/Internship-Project/ProjectRamulus/Content/MyContent/Sounds/Character/GraceSquel.uexp" 1279
"E:/AIT Current/Y3T2/Internship-Project/ProjectRamulus/Content/MyContent/Sounds/Character/GraceScreamTerror.ubulk" 1280
"E:/AIT Current/Y3T2/Internship-Project/ProjectRamulus/Content/MyContent/Sounds/Character/GraceScreamTerror.uasset" 1281
"E:/AIT Current/Y3T2/Internship-Project/ProjectRamulus/Content/MyContent/Sounds/Character/GraceScreamTerror.uexp" 1282
"E:/AIT Current/Y3T2/Internship-Project/ProjectRamulus/Content/MyContent/Sounds/Character/Gracemmm.ubulk" 1283
"E:/AIT Current/Y3T2/Internship-Project/ProjectRamulus/Content/MyContent/Sounds/Character/Gracemmm.uasset" 1284
"E:/AIT Current/Y3T2/Internship-Project/ProjectRamulus/Content/MyContent/Sounds/Character/Gracemmm.uexp" 1285
"E:/AIT Current/Y3T2/Internship-Project/ProjectRamulus/Content/MyContent/Sounds/Character/GraceLaugh.ubulk" 1286
"E:/AIT Current/Y3T2/Internship-Project/ProjectRamulus/Content/MyContent/Sounds/Character/GraceLaugh.uasset" 1287
"E:/AIT Current/Y3T2/Internship-Project/ProjectRamulus/Content/MyContent/Sounds/Character/GraceLaugh.uexp" 1288
"E:/AIT Current/Y3T2/Internship-Project/ProjectRamulus/Content/MyContent/Sounds/Character/GaspRamulas.ubulk" 1289
"E:/AIT Current/Y3T2/Internship-Project/ProjectRamulus/Content/MyContent/Sounds/Character/GaspRamulas.uasset" 1290
"E:/AIT Current/Y3T2/Internship-Project/ProjectRamulus/Content/MyContent/Sounds/Character/GaspRamulas.uexp" 1291
"E:/AIT Current/Y3T2/Internship-Project/ProjectRamulus/Content/MyContent/Sounds/Character/Fran4.ubulk" 1292
"E:/AIT Current/Y3T2/Internship-Project/ProjectRamulus/Content/MyContent/Sounds/Character/Fran4.uasset" 1293
"E:/AIT Current/Y3T2/Internship-Project/ProjectRamulus/Content/MyContent/Sounds/Character/Fran4.uexp" 1294
"E:/AIT Current/Y3T2/Internship-Project/ProjectRamulus/Content/MyContent/Sounds/Character/Fran3.ubulk" 1295
"E:/AIT Current/Y3T2/Internship-Project/ProjectRamulus/Content/MyContent/Sounds/Character/Fran3.uasset" 1296
"E:/AIT Current/Y3T2/Internship-Project/ProjectRamulus/Content/MyContent/Sounds/Character/Fran3.uexp" 1297
"E:/AIT Current/Y3T2/Internship-Project/ProjectRamulus/Content/MyContent/Sounds/Character/Fran2.ubulk" 1298
"E:/AIT Current/Y3T2/Internship-Project/ProjectRamulus/Content/MyContent/Sounds/Character/Fran2.uasset" 1299
"E:/AIT Current/Y3T2/Internship-Project/ProjectRamulus/Content/MyContent/Sounds/Character/Fran2.uexp" 1300
"E:/AIT Current/Y3T2/Internship-Project/ProjectRamulus/Content/MyContent/Sounds/Character/Fran1.ubulk" 1301
"E:/AIT Current/Y3T2/Internship-Project/ProjectRamulus/Content/MyContent/Sounds/Character/Fran1.uasset" 1302
"E:/AIT Current/Y3T2/Internship-Project/ProjectRamulus/Content/MyContent/Sounds/Character/Fran1.uexp" 1303
"E:/AIT Current/Y3T2/Internship-Project/ProjectRamulus/Content/MyContent/Sounds/Character/epic-war-combat-scream-352707.ubulk" 1304
"E:/AIT Current/Y3T2/Internship-Project/ProjectRamulus/Content/MyContent/Sounds/Character/epic-war-combat-scream-352707.uasset" 1305
"E:/AIT Current/Y3T2/Internship-Project/ProjectRamulus/Content/MyContent/Sounds/Character/epic-war-combat-scream-352707.uexp" 1306
"E:/AIT Current/Y3T2/Internship-Project/ProjectRamulus/Content/MyContent/Sounds/Character/Dickson2.ubulk" 1307
"E:/AIT Current/Y3T2/Internship-Project/ProjectRamulus/Content/MyContent/Sounds/Character/Dickson2.uasset" 1308
"E:/AIT Current/Y3T2/Internship-Project/ProjectRamulus/Content/MyContent/Sounds/Character/Dickson2.uexp" 1309
"E:/AIT Current/Y3T2/Internship-Project/ProjectRamulus/Content/MyContent/Sounds/Character/Dickson1.ubulk" 1310
"E:/AIT Current/Y3T2/Internship-Project/ProjectRamulus/Content/MyContent/Sounds/Character/Dickson1.uasset" 1311
"E:/AIT Current/Y3T2/Internship-Project/ProjectRamulus/Content/MyContent/Sounds/Character/Dickson1.uexp" 1312
"E:/AIT Current/Y3T2/Internship-Project/ProjectRamulus/Content/MyContent/Sounds/Character/Antok7.ubulk" 1313
"E:/AIT Current/Y3T2/Internship-Project/ProjectRamulus/Content/MyContent/Sounds/Character/Antok7.uasset" 1314
"E:/AIT Current/Y3T2/Internship-Project/ProjectRamulus/Content/MyContent/Sounds/Character/Antok7.uexp" 1315
"E:/AIT Current/Y3T2/Internship-Project/ProjectRamulus/Content/MyContent/Sounds/Character/Antok6.ubulk" 1316
"E:/AIT Current/Y3T2/Internship-Project/ProjectRamulus/Content/MyContent/Sounds/Character/Antok6.uasset" 1317
"E:/AIT Current/Y3T2/Internship-Project/ProjectRamulus/Content/MyContent/Sounds/Character/Antok6.uexp" 1318
"E:/AIT Current/Y3T2/Internship-Project/ProjectRamulus/Content/MyContent/Sounds/Character/Antok4.ubulk" 1319
"E:/AIT Current/Y3T2/Internship-Project/ProjectRamulus/Content/MyContent/Sounds/Character/Antok4.uasset" 1320
"E:/AIT Current/Y3T2/Internship-Project/ProjectRamulus/Content/MyContent/Sounds/Character/Antok4.uexp" 1321
"E:/AIT Current/Y3T2/Internship-Project/ProjectRamulus/Content/MyContent/Sounds/Character/Antok3.ubulk" 1322
"E:/AIT Current/Y3T2/Internship-Project/ProjectRamulus/Content/MyContent/Sounds/Character/Antok3.uasset" 1323
"E:/AIT Current/Y3T2/Internship-Project/ProjectRamulus/Content/MyContent/Sounds/Character/Antok3.uexp" 1324
"E:/AIT Current/Y3T2/Internship-Project/ProjectRamulus/Content/MyContent/Sounds/Character/Antok2.ubulk" 1325
"E:/AIT Current/Y3T2/Internship-Project/ProjectRamulus/Content/MyContent/Sounds/Character/Antok2.uasset" 1326
"E:/AIT Current/Y3T2/Internship-Project/ProjectRamulus/Content/MyContent/Sounds/Character/Antok2.uexp" 1327
"E:/AIT Current/Y3T2/Internship-Project/ProjectRamulus/Content/MyContent/Sounds/Character/Antok1.ubulk" 1328
"E:/AIT Current/Y3T2/Internship-Project/ProjectRamulus/Content/MyContent/Sounds/Character/Antok1.uasset" 1329
"E:/AIT Current/Y3T2/Internship-Project/ProjectRamulus/Content/MyContent/Sounds/Character/Antok1.uexp" 1330
"E:/AIT Current/Y3T2/Internship-Project/ProjectRamulus/Content/MyContent/Sounds/Character/Anger.ubulk" 1331
"E:/AIT Current/Y3T2/Internship-Project/ProjectRamulus/Content/MyContent/Sounds/Character/Anger.uasset" 1332
"E:/AIT Current/Y3T2/Internship-Project/ProjectRamulus/Content/MyContent/Sounds/Character/Anger.uexp" 1333
"E:/AIT Current/Y3T2/Internship-Project/ProjectRamulus/Content/MyContent/Images/Backgrounds/Chapter_0_Prologue/BG_FarmHouse.uasset" 1334
"E:/AIT Current/Y3T2/Internship-Project/ProjectRamulus/Content/MyContent/Images/Backgrounds/Chapter_0_Prologue/BG_FarmHouse.uexp" 1335
"E:/AIT Current/Y3T2/Internship-Project/ProjectRamulus/Content/MyContent/Dialogue/BP_Dialouge.uasset" 1336
"E:/AIT Current/Y3T2/Internship-Project/ProjectRamulus/Content/MyContent/Dialogue/BP_Dialouge.uexp" 1337
"E:/AIT Current/Y3T2/Internship-Project/ProjectRamulus/Content/MyContent/Images/Backgrounds/Chapter3/OrielDragonCage.uasset" 1338
"E:/AIT Current/Y3T2/Internship-Project/ProjectRamulus/Content/MyContent/Images/Backgrounds/Chapter3/OrielDragonCage.uexp" 1339
"E:/AIT Current/Y3T2/Internship-Project/ProjectRamulus/Content/MyContent/Images/Backgrounds/Chapter2/KitchenBG.uasset" 1340
"E:/AIT Current/Y3T2/Internship-Project/ProjectRamulus/Content/MyContent/Images/Backgrounds/Chapter2/KitchenBG.uexp" 1341
"E:/AIT Current/Y3T2/Internship-Project/ProjectRamulus/Content/MyContent/Images/Backgrounds/Chapter4/FarmNight.uasset" 1342
"E:/AIT Current/Y3T2/Internship-Project/ProjectRamulus/Content/MyContent/Images/Backgrounds/Chapter4/FarmNight.uexp" 1343
"E:/AIT Current/Y3T2/Internship-Project/ProjectRamulus/Content/MyContent/Images/Backgrounds/Chapter_0_Prologue/OrielsCavern.uasset" 1344
"E:/AIT Current/Y3T2/Internship-Project/ProjectRamulus/Content/MyContent/Images/Backgrounds/Chapter_0_Prologue/OrielsCavern.uexp" 1345
"E:/AIT Current/Y3T2/Internship-Project/ProjectRamulus/Content/MyContent/Images/Characters/Thomas.uasset" 1346
"E:/AIT Current/Y3T2/Internship-Project/ProjectRamulus/Content/MyContent/Images/Characters/Thomas.uexp" 1347
"E:/AIT Current/Y3T2/Internship-Project/ProjectRamulus/Content/MyContent/Images/Characters/Shopkeeper.uasset" 1348
"E:/AIT Current/Y3T2/Internship-Project/ProjectRamulus/Content/MyContent/Images/Characters/Shopkeeper.uexp" 1349
"E:/AIT Current/Y3T2/Internship-Project/ProjectRamulus/Content/MyContent/Images/Characters/ScholteSherrif.uasset" 1350
"E:/AIT Current/Y3T2/Internship-Project/ProjectRamulus/Content/MyContent/Images/Characters/ScholteSherrif.uexp" 1351
"E:/AIT Current/Y3T2/Internship-Project/ProjectRamulus/Content/MyContent/Images/Characters/Remus.uasset" 1352
"E:/AIT Current/Y3T2/Internship-Project/ProjectRamulus/Content/MyContent/Images/Characters/Remus.uexp" 1353
"E:/AIT Current/Y3T2/Internship-Project/ProjectRamulus/Content/MyContent/Images/Characters/Redemption.uasset" 1354
"E:/AIT Current/Y3T2/Internship-Project/ProjectRamulus/Content/MyContent/Images/Characters/Redemption.uexp" 1355
"E:/AIT Current/Y3T2/Internship-Project/ProjectRamulus/Content/MyContent/Images/Characters/Ramulas.uasset" 1356
"E:/AIT Current/Y3T2/Internship-Project/ProjectRamulus/Content/MyContent/Images/Characters/Ramulas.uexp" 1357
"E:/AIT Current/Y3T2/Internship-Project/ProjectRamulus/Content/MyContent/Images/Characters/PipButShe_sHot.uasset" 1358
"E:/AIT Current/Y3T2/Internship-Project/ProjectRamulus/Content/MyContent/Images/Characters/PipButShe_sHot.uexp" 1359
"E:/AIT Current/Y3T2/Internship-Project/ProjectRamulus/Content/MyContent/Images/Characters/Peter.uasset" 1360
"E:/AIT Current/Y3T2/Internship-Project/ProjectRamulus/Content/MyContent/Images/Characters/Peter.uexp" 1361
"E:/AIT Current/Y3T2/Internship-Project/ProjectRamulus/Content/MyContent/Images/Characters/Oriel.uasset" 1362
"E:/AIT Current/Y3T2/Internship-Project/ProjectRamulus/Content/MyContent/Images/Characters/Oriel.uexp" 1363
"E:/AIT Current/Y3T2/Internship-Project/ProjectRamulus/Content/MyContent/Images/Characters/Khilli_Warrior.uasset" 1364
"E:/AIT Current/Y3T2/Internship-Project/ProjectRamulus/Content/MyContent/Images/Characters/Khilli_Warrior.uexp" 1365
"E:/AIT Current/Y3T2/Internship-Project/ProjectRamulus/Content/MyContent/Images/Characters/Kate.uasset" 1366
"E:/AIT Current/Y3T2/Internship-Project/ProjectRamulus/Content/MyContent/Images/Characters/Kate.uexp" 1367
"E:/AIT Current/Y3T2/Internship-Project/ProjectRamulus/Content/MyContent/Images/Characters/Jacqueline.uasset" 1368
"E:/AIT Current/Y3T2/Internship-Project/ProjectRamulus/Content/MyContent/Images/Characters/Jacqueline.uexp" 1369
"E:/AIT Current/Y3T2/Internship-Project/ProjectRamulus/Content/MyContent/Images/Characters/Grace.uasset" 1370
"E:/AIT Current/Y3T2/Internship-Project/ProjectRamulus/Content/MyContent/Images/Characters/Grace.uexp" 1371
"E:/AIT Current/Y3T2/Internship-Project/ProjectRamulus/Content/MyContent/Images/Characters/Fran.uasset" 1372
"E:/AIT Current/Y3T2/Internship-Project/ProjectRamulus/Content/MyContent/Images/Characters/Fran.uexp" 1373
"E:/AIT Current/Y3T2/Internship-Project/ProjectRamulus/Content/MyContent/Images/Characters/Druid.uasset" 1374
"E:/AIT Current/Y3T2/Internship-Project/ProjectRamulus/Content/MyContent/Images/Characters/Druid.uexp" 1375
"E:/AIT Current/Y3T2/Internship-Project/ProjectRamulus/Content/MyContent/Images/Characters/Dickson.uasset" 1376
"E:/AIT Current/Y3T2/Internship-Project/ProjectRamulus/Content/MyContent/Images/Characters/Dickson.uexp" 1377
"E:/AIT Current/Y3T2/Internship-Project/ProjectRamulus/Content/MyContent/Images/Characters/AntokWhoIsTotallyNotGandalf.uasset" 1378
"E:/AIT Current/Y3T2/Internship-Project/ProjectRamulus/Content/MyContent/Images/Characters/AntokWhoIsTotallyNotGandalf.uexp" 1379
"E:/AIT Current/Y3T2/Internship-Project/ProjectRamulus/Content/MyContent/Images/Backgrounds/Chapter5/workshop.uasset" 1380
"E:/AIT Current/Y3T2/Internship-Project/ProjectRamulus/Content/MyContent/Images/Backgrounds/Chapter5/workshop.uexp" 1381
"E:/AIT Current/Y3T2/Internship-Project/ProjectRamulus/Content/MyContent/Images/Backgrounds/Chapter5/Pi7_Tool_GraceHellhound.uasset" 1382
"E:/AIT Current/Y3T2/Internship-Project/ProjectRamulus/Content/MyContent/Images/Backgrounds/Chapter5/Pi7_Tool_GraceHellhound.uexp" 1383
"E:/AIT Current/Y3T2/Internship-Project/ProjectRamulus/Content/MyContent/Images/Backgrounds/Chapter5/MarketSquare.uasset" 1384
"E:/AIT Current/Y3T2/Internship-Project/ProjectRamulus/Content/MyContent/Images/Backgrounds/Chapter5/MarketSquare.uexp" 1385
"E:/AIT Current/Y3T2/Internship-Project/ProjectRamulus/Content/MyContent/Images/Backgrounds/Chapter5/IMG_DirtRoad.uasset" 1386
"E:/AIT Current/Y3T2/Internship-Project/ProjectRamulus/Content/MyContent/Images/Backgrounds/Chapter5/IMG_DirtRoad.uexp" 1387
"E:/AIT Current/Y3T2/Internship-Project/ProjectRamulus/Content/MyContent/Images/Backgrounds/Chapter5/fruitstand.uasset" 1388
"E:/AIT Current/Y3T2/Internship-Project/ProjectRamulus/Content/MyContent/Images/Backgrounds/Chapter5/fruitstand.uexp" 1389
"E:/AIT Current/Y3T2/Internship-Project/ProjectRamulus/Content/MyContent/Images/Backgrounds/Chapter5/fabricstore.uasset" 1390
"E:/AIT Current/Y3T2/Internship-Project/ProjectRamulus/Content/MyContent/Images/Backgrounds/Chapter5/fabricstore.uexp" 1391
"E:/AIT Current/Y3T2/Internship-Project/ProjectRamulus/Content/MyContent/Images/Backgrounds/Chapter5/enforcer.uasset" 1392
"E:/AIT Current/Y3T2/Internship-Project/ProjectRamulus/Content/MyContent/Images/Backgrounds/Chapter5/enforcer.uexp" 1393
"E:/AIT Current/Y3T2/Internship-Project/ProjectRamulus/Content/MyContent/Images/Backgrounds/Chapter4/RiverBank.uasset" 1394
"E:/AIT Current/Y3T2/Internship-Project/ProjectRamulus/Content/MyContent/Images/Backgrounds/Chapter4/RiverBank.uexp" 1395
"E:/AIT Current/Y3T2/Internship-Project/ProjectRamulus/Content/MyContent/Images/Backgrounds/Chapter4/FieldChapter4.uasset" 1396
"E:/AIT Current/Y3T2/Internship-Project/ProjectRamulus/Content/MyContent/Images/Backgrounds/Chapter4/FieldChapter4.uexp" 1397
"E:/AIT Current/Y3T2/Internship-Project/ProjectRamulus/Content/MyContent/Images/Backgrounds/Chapter4/CartBG.uasset" 1398
"E:/AIT Current/Y3T2/Internship-Project/ProjectRamulus/Content/MyContent/Images/Backgrounds/Chapter4/CartBG.uexp" 1399
"E:/AIT Current/Y3T2/Internship-Project/ProjectRamulus/Content/MyContent/Images/Backgrounds/Chapter4/Bedroom.uasset" 1400
"E:/AIT Current/Y3T2/Internship-Project/ProjectRamulus/Content/MyContent/Images/Backgrounds/Chapter4/Bedroom.uexp" 1401
"E:/AIT Current/Y3T2/Internship-Project/ProjectRamulus/Content/MyContent/Images/Backgrounds/Chapter3/OrielGlowingEyes.uasset" 1402
"E:/AIT Current/Y3T2/Internship-Project/ProjectRamulus/Content/MyContent/Images/Backgrounds/Chapter3/OrielGlowingEyes.uexp" 1403
"E:/AIT Current/Y3T2/Internship-Project/ProjectRamulus/Content/MyContent/Images/Backgrounds/Chapter3/FloatingCage.uasset" 1404
"E:/AIT Current/Y3T2/Internship-Project/ProjectRamulus/Content/MyContent/Images/Backgrounds/Chapter3/FloatingCage.uexp" 1405
"E:/AIT Current/Y3T2/Internship-Project/ProjectRamulus/Content/MyContent/Images/Backgrounds/Chapter3/AntokStudy.uasset" 1406
"E:/AIT Current/Y3T2/Internship-Project/ProjectRamulus/Content/MyContent/Images/Backgrounds/Chapter3/AntokStudy.uexp" 1407
"E:/AIT Current/Y3T2/Internship-Project/ProjectRamulus/Content/MyContent/Images/Backgrounds/Chapter2/ChopWoof.uasset" 1408
"E:/AIT Current/Y3T2/Internship-Project/ProjectRamulus/Content/MyContent/Images/Backgrounds/Chapter2/ChopWoof.uexp" 1409
"E:/AIT Current/Y3T2/Internship-Project/ProjectRamulus/Content/MyContent/Images/Backgrounds/Chapter2/BarnInside.uasset" 1410
"E:/AIT Current/Y3T2/Internship-Project/ProjectRamulus/Content/MyContent/Images/Backgrounds/Chapter2/BarnInside.uexp" 1411
"E:/AIT Current/Y3T2/Internship-Project/ProjectRamulus/Content/MyContent/Images/Backgrounds/Chapter2/AdamSholtesBarn.uasset" 1412
"E:/AIT Current/Y3T2/Internship-Project/ProjectRamulus/Content/MyContent/Images/Backgrounds/Chapter2/AdamSholtesBarn.uexp" 1413
"E:/AIT Current/Y3T2/Internship-Project/ProjectRamulus/Content/MyContent/Images/Backgrounds/Chapter1/UglyAssHut.uasset" 1414
"E:/AIT Current/Y3T2/Internship-Project/ProjectRamulus/Content/MyContent/Images/Backgrounds/Chapter1/UglyAssHut.uexp" 1415
"E:/AIT Current/Y3T2/Internship-Project/ProjectRamulus/Content/MyContent/Images/Backgrounds/Chapter1/scaredfamilynoguy.uasset" 1416
"E:/AIT Current/Y3T2/Internship-Project/ProjectRamulus/Content/MyContent/Images/Backgrounds/Chapter1/scaredfamilynoguy.uexp" 1417
"E:/AIT Current/Y3T2/Internship-Project/ProjectRamulus/Content/MyContent/Images/Backgrounds/Chapter1/ScaredFamily.uasset" 1418
"E:/AIT Current/Y3T2/Internship-Project/ProjectRamulus/Content/MyContent/Images/Backgrounds/Chapter1/ScaredFamily.uexp" 1419
"E:/AIT Current/Y3T2/Internship-Project/ProjectRamulus/Content/MyContent/Images/Backgrounds/Chapter1/bgforest.uasset" 1420
"E:/AIT Current/Y3T2/Internship-Project/ProjectRamulus/Content/MyContent/Images/Backgrounds/Chapter1/bgforest.uexp" 1421
"E:/AIT Current/Y3T2/Internship-Project/ProjectRamulus/Content/MyContent/Dialogue/Project_Ramulas_Dialogue_SpreadSheet_-_Sheet1.uasset" 1422
"E:/AIT Current/Y3T2/Internship-Project/ProjectRamulus/Content/MyContent/Dialogue/Project_Ramulas_Dialogue_SpreadSheet_-_Sheet1.uexp" 1423
"E:/AIT Current/Y3T2/Internship-Project/ProjectRamulus/Content/MyContent/Images/Backgrounds/Chapter_0_Prologue/8716a4b4-2c0a-4ade-aa17-29ada00fc9ef.uasset" 1424
"E:/AIT Current/Y3T2/Internship-Project/ProjectRamulus/Content/MyContent/Images/Backgrounds/Chapter_0_Prologue/8716a4b4-2c0a-4ade-aa17-29ada00fc9ef.uexp" 1425
"E:/AIT Current/Y3T2/Internship-Project/ProjectRamulus/Content/MyContent/Fonts/Butler_Stencil/Butler_Medium_Stencil.uexp" 1426
"E:/AIT Current/Y3T2/Internship-Project/ProjectRamulus/Content/MyContent/Fonts/Butler_Stencil/Butler_Medium_Stencil.uasset" 1427
"E:/AIT Current/Y3T2/Internship-Project/ProjectRamulus/Content/MyContent/Fonts/Butler_Stencil/Butler_Medium_Stencil.ufont" 1428
"E:/AIT Current/Y3T2/Internship-Project/ProjectRamulus/Content/MyContent/Fonts/Butler_Stencil/Butler_Medium_Stencil_Font.uasset" 1429
"E:/AIT Current/Y3T2/Internship-Project/ProjectRamulus/Content/MyContent/Fonts/Butler_Stencil/Butler_Medium_Stencil_Font.uexp" 1430
"E:/AIT Current/Y3T2/Internship-Project/ProjectRamulus/Content/MyContent/Images/Characters/16e2b839-82c5-472f-a954-043a64aee241.uasset" 1431
"E:/AIT Current/Y3T2/Internship-Project/ProjectRamulus/Content/MyContent/Images/Characters/16e2b839-82c5-472f-a954-043a64aee241.uexp" 1432
"E:/AIT Current/Y3T2/Internship-Project/ProjectRamulus/Content/MyContent/Menu/BP_UI_Chapters.uasset" 1433
"E:/AIT Current/Y3T2/Internship-Project/ProjectRamulus/Content/MyContent/Menu/BP_UI_Chapters.uexp" 1434
"E:/AIT Current/Y3T2/Internship-Project/ProjectRamulus/Content/MyContent/Images/UI/ScaledupTitle.uasset" 1435
"E:/AIT Current/Y3T2/Internship-Project/ProjectRamulus/Content/MyContent/Images/UI/ScaledupTitle.uexp" 1436
"E:/AIT Current/Y3T2/Internship-Project/ProjectRamulus/Content/MyContent/Images/UI/LoagGameBG.uasset" 1437
"E:/AIT Current/Y3T2/Internship-Project/ProjectRamulus/Content/MyContent/Images/UI/LoagGameBG.uexp" 1438
"E:/AIT Current/Y3T2/Internship-Project/ProjectRamulus/Content/MyContent/Images/UI/Gemini_Generated_Image_by8grhby8grhby8g.uasset" 1439
"E:/AIT Current/Y3T2/Internship-Project/ProjectRamulus/Content/MyContent/Images/UI/Gemini_Generated_Image_by8grhby8grhby8g.uexp" 1440
"E:/AIT Current/Y3T2/Internship-Project/ProjectRamulus/Content/MyContent/Images/UI/Chapter_BG.uasset" 1441
"E:/AIT Current/Y3T2/Internship-Project/ProjectRamulus/Content/MyContent/Images/UI/Chapter_BG.uexp" 1442
"E:/AIT Current/Y3T2/Internship-Project/ProjectRamulus/Content/MyContent/Images/UI/Background.uasset" 1443
"E:/AIT Current/Y3T2/Internship-Project/ProjectRamulus/Content/MyContent/Images/UI/Background.uexp" 1444
"E:/AIT Current/Y3T2/Internship-Project/ProjectRamulus/Content/MyContent/Images/UI/289988f0-b178-4079-8425-d52e59f33781.uasset" 1445
"E:/AIT Current/Y3T2/Internship-Project/ProjectRamulus/Content/MyContent/Images/UI/289988f0-b178-4079-8425-d52e59f33781.uexp" 1446
"E:/AIT Current/Y3T2/Internship-Project/ProjectRamulus/Content/MyContent/Menu/BP_UI_MainMenu.uasset" 1447
"E:/AIT Current/Y3T2/Internship-Project/ProjectRamulus/Content/MyContent/Menu/BP_UI_MainMenu.uexp" 1448
"E:/AIT Current/Y3T2/Internship-Project/ProjectRamulus/Content/MyContent/Core/BP_GameInstance.uasset" 1449
"E:/AIT Current/Y3T2/Internship-Project/ProjectRamulus/Content/MyContent/Core/BP_GameInstance.uexp" 1450
"E:/AIT Current/Y3T2/Internship-Project/ProjectRamulus/Content/MyContent/Player/BP_Player.uasset" 1451
"E:/AIT Current/Y3T2/Internship-Project/ProjectRamulus/Content/MyContent/Player/BP_Player.uexp" 1452
"E:/AIT Current/Y3T2/Internship-Project/ProjectRamulus/Content/MyContent/Core/BP_GM_Main.uasset" 1453
"E:/AIT Current/Y3T2/Internship-Project/ProjectRamulus/Content/MyContent/Core/BP_GM_Main.uexp" 1454
"E:/AIT Current/Y3T2/Internship-Project/ProjectRamulus/Content/MyContent/Maps/LVL_Main.uexp" 1455
"E:/AIT Current/Y3T2/Internship-Project/ProjectRamulus/Content/MyContent/Maps/LVL_Main.umap" 1456
